scheme_name,bse_benchmark,window_start,window_end,n_months,true_beta,proxy_beta,delta_beta,true_alpha_pct,proxy_alpha_pct,delta_alpha_pct
SBI BSE 100 ETF,BSE 100 TRI,2016-07-31,2019-06-30,36,1.0185,0.9627,-0.0558,0.1242,-0.8347,-0.9589
SBI BSE 100 ETF,BSE 100 TRI,2016-08-31,2019-07-31,36,1.0129,0.9391,-0.0738,0.242,-0.6075,-0.8495
SBI BSE 100 ETF,BSE 100 TRI,2016-09-30,2019-08-31,36,1.0122,0.9383,-0.0739,0.2788,-1.1214,-1.4002
SBI BSE 100 ETF,BSE 100 TRI,2016-10-31,2019-09-30,36,1.0119,0.9418,-0.0701,0.236,-0.6996,-0.9356
SBI BSE 100 ETF,BSE 100 TRI,2016-11-30,2019-10-31,36,1.012,0.9351,-0.0769,0.2116,-1.0066,-1.2182
SBI BSE 100 ETF,BSE 100 TRI,2016-12-31,2019-11-30,36,1.013,0.936,-0.077,0.1737,-0.9746,-1.1483
SBI BSE 100 ETF,BSE 100 TRI,2017-01-31,2019-12-31,36,1.013,0.934,-0.079,0.1681,-0.7434,-0.9115
SBI BSE 100 ETF,BSE 100 TRI,2017-02-28,2020-01-31,36,1.0137,0.9255,-0.0883,0.1986,0.6713,0.4727
SBI BSE 100 ETF,BSE 100 TRI,2017-03-31,2020-02-29,36,1.0108,0.946,-0.0648,0.2336,-0.8937,-1.1272
SBI BSE 100 ETF,BSE 100 TRI,2017-04-30,2020-03-31,36,1.0027,0.9208,-0.0819,0.2538,-0.9916,-1.2454
SBI BSE 100 ETF,BSE 100 TRI,2017-05-31,2020-04-30,36,1.0019,0.8875,-0.1144,0.2232,-1.9398,-2.163
SBI BSE 100 ETF,BSE 100 TRI,2017-06-30,2020-05-31,36,1.0017,0.8875,-0.1142,0.2338,-2.8227,-3.0565
SBI BSE 100 ETF,BSE 100 TRI,2017-07-31,2020-06-30,36,1.002,0.8953,-0.1067,0.1382,-2.1656,-2.3038
SBI BSE 100 ETF,BSE 100 TRI,2017-08-31,2020-07-31,36,1.0028,0.9015,-0.1013,0.1768,-1.5891,-1.7659
SBI BSE 100 ETF,BSE 100 TRI,2017-09-30,2020-08-31,36,1.003,0.9014,-0.1016,0.1789,-1.5012,-1.6801
SBI BSE 100 ETF,BSE 100 TRI,2017-10-31,2020-09-30,36,1.0031,0.9025,-0.1006,0.1665,-1.7992,-1.9656
SBI BSE 100 ETF,BSE 100 TRI,2017-11-30,2020-10-31,36,1.0032,0.9048,-0.0984,0.2059,-1.2497,-1.4555
SBI BSE 100 ETF,BSE 100 TRI,2017-12-31,2020-11-30,36,1.0004,0.9034,-0.0971,1.0808,-1.0163,-2.0971
SBI BSE 100 ETF,BSE 100 TRI,2018-01-31,2020-12-31,36,1.0002,0.9098,-0.0904,1.0901,-0.451,-1.5412
SBI BSE 100 ETF,BSE 100 TRI,2018-02-28,2021-01-31,36,1.0005,0.9097,-0.0908,1.093,-1.4498,-2.5428
SBI BSE 100 ETF,BSE 100 TRI,2018-03-31,2021-02-28,36,1.0011,0.9143,-0.0868,1.0815,-0.2636,-1.345
SBI BSE 100 ETF,BSE 100 TRI,2018-04-30,2021-03-31,36,1.0013,0.9129,-0.0884,1.0469,0.006,-1.0409
SBI BSE 100 ETF,BSE 100 TRI,2018-05-31,2021-04-30,36,1.0018,0.9104,-0.0914,1.0544,0.2405,-0.8139
SBI BSE 100 ETF,BSE 100 TRI,2018-06-30,2021-05-31,36,1.0021,0.912,-0.0901,1.0377,0.3719,-0.6658
SBI BSE 100 ETF,BSE 100 TRI,2018-07-31,2021-06-30,36,1.0022,0.9116,-0.0906,1.0539,0.6209,-0.433
SBI BSE 100 ETF,BSE 100 TRI,2018-08-31,2021-07-31,36,1.0017,0.9103,-0.0914,1.0446,0.4515,-0.5932
SBI BSE 100 ETF,BSE 100 TRI,2018-09-30,2021-08-31,36,1.0013,0.9113,-0.09,0.9986,0.4333,-0.5653
SBI BSE 100 ETF,BSE 100 TRI,2018-10-31,2021-09-30,36,1.0011,0.9051,-0.096,1.0154,1.139,0.1236
SBI BSE 100 ETF,BSE 100 TRI,2018-11-30,2021-10-31,36,1.0011,0.9062,-0.0949,1.0176,0.4359,-0.5818
SBI BSE 100 ETF,BSE 100 TRI,2018-12-31,2021-11-30,36,1.0011,0.9059,-0.0952,1.0039,0.3939,-0.6099
SBI BSE 100 ETF,BSE 100 TRI,2019-01-31,2021-12-31,36,1.0011,0.9055,-0.0956,1.0118,0.7242,-0.2876
SBI BSE 100 ETF,BSE 100 TRI,2019-02-28,2022-01-31,36,1.001,0.9053,-0.0958,1.018,0.5144,-0.5036
SBI BSE 100 ETF,BSE 100 TRI,2019-03-31,2022-02-28,36,1.0008,0.9025,-0.0983,1.0379,0.9241,-0.1138
SBI BSE 100 ETF,BSE 100 TRI,2019-04-30,2022-03-31,36,0.9982,0.8976,-0.1007,0.8443,0.4496,-0.3947
SBI BSE 100 ETF,BSE 100 TRI,2019-05-31,2022-04-30,36,0.9982,0.8948,-0.1034,1.0485,0.8504,-0.1981
SBI BSE 100 ETF,BSE 100 TRI,2019-06-30,2022-05-31,36,0.9972,0.8949,-0.1023,1.1407,0.7747,-0.366
SBI BSE 100 ETF,BSE 100 TRI,2019-07-31,2022-06-30,36,0.9973,0.8983,-0.099,1.1051,0.5743,-0.5307
SBI BSE 100 ETF,BSE 100 TRI,2019-08-31,2022-07-31,36,0.9986,0.9013,-0.0973,1.0724,0.2961,-0.7763
SBI BSE 100 ETF,BSE 100 TRI,2019-09-30,2022-08-31,36,0.9989,0.9011,-0.0977,1.0684,1.4804,0.412
SBI BSE 100 ETF,BSE 100 TRI,2019-10-31,2022-09-30,36,0.9994,0.9035,-0.0959,1.0672,0.683,-0.3842
SBI BSE 100 ETF,BSE 100 TRI,2019-11-30,2022-10-31,36,0.9994,0.9046,-0.0948,1.0722,0.8721,-0.2001
SBI BSE 100 ETF,BSE 100 TRI,2019-12-31,2022-11-30,36,0.9994,0.9053,-0.0941,1.1096,1.0973,-0.0123
SBI BSE 100 ETF,BSE 100 TRI,2020-01-31,2022-12-31,36,0.9997,0.9058,-0.0939,1.1056,1.0653,-0.0403
SBI BSE 100 ETF,BSE 100 TRI,2020-02-29,2023-01-31,36,0.9998,0.9108,-0.089,1.108,0.5122,-0.5958
SBI BSE 100 ETF,BSE 100 TRI,2020-03-31,2023-02-28,36,0.9995,0.9024,-0.0971,1.1386,1.3979,0.2593
SBI BSE 100 ETF,BSE 100 TRI,2020-04-30,2023-03-31,36,0.9997,0.8936,-0.1061,1.1048,1.8254,0.7205
SBI BSE 100 ETF,BSE 100 TRI,2020-05-31,2023-04-30,36,1.0014,0.9605,-0.0409,1.0946,1.6499,0.5553
SBI BSE 100 ETF,BSE 100 TRI,2020-06-30,2023-05-31,36,1.0017,0.9535,-0.0482,1.1661,2.8028,1.6367
SBI BSE 100 ETF,BSE 100 TRI,2020-07-31,2023-06-30,36,1.0025,0.9434,-0.0591,1.2053,2.4047,1.1994
SBI BSE 100 ETF,BSE 100 TRI,2020-08-31,2023-07-31,36,1.0005,0.9325,-0.0681,1.1718,2.0521,0.8803
SBI BSE 100 ETF,BSE 100 TRI,2020-09-30,2023-08-31,36,0.9997,0.937,-0.0628,1.2314,1.856,0.6246
SBI BSE 100 ETF,BSE 100 TRI,2020-10-31,2023-09-30,36,0.9994,0.9342,-0.0652,1.2266,2.3427,1.1162
SBI BSE 100 ETF,BSE 100 TRI,2020-11-30,2023-10-31,36,0.9994,0.9337,-0.0658,1.1953,1.993,0.7977
SBI BSE 100 ETF,BSE 100 TRI,2020-12-31,2023-11-30,36,1.001,0.9342,-0.0667,1.2143,1.8277,0.6133
SBI BSE 100 ETF,BSE 100 TRI,2021-01-31,2023-12-31,36,1.0009,0.9265,-0.0744,1.2142,1.6183,0.4041
SBI BSE 100 ETF,BSE 100 TRI,2021-02-28,2024-01-31,36,1.0005,0.9283,-0.0722,1.2198,2.864,1.6442
SBI BSE 100 ETF,BSE 100 TRI,2021-03-31,2024-02-29,36,1.0,0.9066,-0.0934,1.2191,1.417,0.1979
SBI BSE 100 ETF,BSE 100 TRI,2021-04-30,2024-03-31,36,0.9999,0.9065,-0.0934,1.1955,1.5215,0.326
SBI BSE 100 ETF,BSE 100 TRI,2021-05-31,2024-04-30,36,0.9995,0.9106,-0.0888,1.1936,1.3719,0.1782
SBI BSE 100 ETF,BSE 100 TRI,2021-06-30,2024-05-31,36,0.9984,0.9073,-0.0911,1.2445,1.1411,-0.1033
SBI BSE 100 ETF,BSE 100 TRI,2021-07-31,2024-06-30,36,0.9994,0.9116,-0.0878,1.2285,1.1427,-0.0858
SBI BSE 100 ETF,BSE 100 TRI,2021-08-31,2024-07-31,36,0.9995,0.9141,-0.0853,1.2036,1.4002,0.1967
SBI BSE 100 ETF,BSE 100 TRI,2021-09-30,2024-08-31,36,1.0003,0.9105,-0.0899,1.2504,1.4141,0.1638
SBI BSE 100 ETF,BSE 100 TRI,2021-10-31,2024-09-30,36,1.0002,0.9093,-0.0909,1.2268,1.2644,0.0376
SBI BSE 100 ETF,BSE 100 TRI,2021-11-30,2024-10-31,36,1.0006,0.9257,-0.0748,1.2173,1.3852,0.1679
SBI BSE 100 ETF,BSE 100 TRI,2021-12-31,2024-11-30,36,1.0002,0.9245,-0.0757,1.2306,1.5432,0.3126
SBI BSE 100 ETF,BSE 100 TRI,2022-01-31,2024-12-31,36,1.0009,0.9266,-0.0743,1.2012,1.1621,-0.039
SBI BSE 100 ETF,BSE 100 TRI,2022-02-28,2025-01-31,36,1.001,0.926,-0.075,1.2168,1.5842,0.3674
SBI BSE 100 ETF,BSE 100 TRI,2022-03-31,2025-02-28,36,1.0011,0.9411,-0.06,1.2049,1.0273,-0.1777
SBI BSE 100 ETF,BSE 100 TRI,2022-04-30,2025-03-31,36,1.0003,0.96,-0.0404,1.1976,1.7833,0.5858
SBI BSE 100 ETF,BSE 100 TRI,2022-05-31,2025-04-30,36,0.9997,0.9581,-0.0417,1.1954,0.8709,-0.3245
SBI BSE 100 ETF,BSE 100 TRI,2022-06-30,2025-05-31,36,1.0024,0.9608,-0.0415,1.1028,0.8194,-0.2834
SBI BSE 100 ETF,BSE 100 TRI,2022-07-31,2025-06-30,36,1.0037,0.9515,-0.0523,1.1307,1.2503,0.1196
SBI BSE 100 ETF,BSE 100 TRI,2022-08-31,2025-07-31,36,1.0026,0.9598,-0.0428,1.1475,1.5791,0.4317
SBI BSE 100 ETF,BSE 100 TRI,2022-09-30,2025-08-31,36,1.0015,0.9585,-0.043,1.1626,0.2434,-0.9192
SBI BSE 100 ETF,BSE 100 TRI,2022-10-31,2025-09-30,36,1.0006,0.9501,-0.0505,1.1677,0.6209,-0.5467
SBI BSE 100 ETF,BSE 100 TRI,2022-11-30,2025-10-31,36,1.0006,0.9617,-0.039,1.1672,1.1237,-0.0434
SBI BSE 100 ETF,BSE 100 TRI,2022-12-31,2025-11-30,36,1.0005,0.9591,-0.0414,1.1557,1.0241,-0.1316
SBI BSE 100 ETF,BSE 100 TRI,2023-01-31,2025-12-31,36,0.9997,0.9609,-0.0389,1.1622,0.8619,-0.3003
SBI BSE 100 ETF,BSE 100 TRI,2023-02-28,2026-01-31,36,0.9999,0.9506,-0.0493,1.1578,1.1367,-0.0212
SBI BSE 100 ETF,BSE 100 TRI,2023-03-31,2026-02-28,36,1.0006,0.9413,-0.0592,1.1174,0.6776,-0.4398
SBI BSE 100 ETF,BSE 100 TRI,2023-04-30,2026-03-31,36,1.0019,0.9839,-0.0179,1.1199,-0.4625,-1.5824
SBI BSE 100 ETF,BSE 100 TRI,2023-05-31,2026-04-30,36,0.9961,0.9964,0.0003,1.008,-0.1543,-1.1622
SBI BSE 100 ETF,BSE 100 TRI,2023-06-30,2026-05-31,36,0.9815,0.9728,-0.0087,2.2878,1.322,-0.9658
SBI BSE 100 ETF,BSE 100 TRI,2023-07-31,2026-06-30,36,0.9723,0.9832,0.011,-0.6173,-1.0937,-0.4764
LIC MF BSE Sensex ETF,BSE SENSEX TRI,2016-07-31,2019-06-30,36,1.0035,0.9436,-0.0599,1.1847,1.133,-0.0517
LIC MF BSE Sensex ETF,BSE SENSEX TRI,2016-08-31,2019-07-31,36,1.0009,0.9112,-0.0897,1.2331,1.8844,0.6513
LIC MF BSE Sensex ETF,BSE SENSEX TRI,2016-09-30,2019-08-31,36,1.0009,0.9121,-0.0888,1.246,1.6232,0.3772
LIC MF BSE Sensex ETF,BSE SENSEX TRI,2016-10-31,2019-09-30,36,1.0,0.9117,-0.0883,1.2327,2.0181,0.7855
LIC MF BSE Sensex ETF,BSE SENSEX TRI,2016-11-30,2019-10-31,36,0.9998,0.9061,-0.0938,1.2238,1.8236,0.5998
LIC MF BSE Sensex ETF,BSE SENSEX TRI,2016-12-31,2019-11-30,36,0.9992,0.9034,-0.0957,1.207,1.9879,0.7809
LIC MF BSE Sensex ETF,BSE SENSEX TRI,2017-01-31,2019-12-31,36,0.9989,0.9028,-0.0961,1.2304,2.0798,0.8494
LIC MF BSE Sensex ETF,BSE SENSEX TRI,2017-02-28,2020-01-31,36,1.0001,0.9028,-0.0973,1.2232,3.6453,2.4221
LIC MF BSE Sensex ETF,BSE SENSEX TRI,2017-03-31,2020-02-29,36,1.0014,0.923,-0.0784,1.1971,2.2158,1.0187
LIC MF BSE Sensex ETF,BSE SENSEX TRI,2017-04-30,2020-03-31,36,0.9983,0.9002,-0.0981,1.2237,2.2759,1.0523
LIC MF BSE Sensex ETF,BSE SENSEX TRI,2017-05-31,2020-04-30,36,0.9972,0.8605,-0.1367,1.2312,1.3255,0.0944
LIC MF BSE Sensex ETF,BSE SENSEX TRI,2017-06-30,2020-05-31,36,0.9976,0.8602,-0.1374,1.2458,-0.2354,-1.4812
LIC MF BSE Sensex ETF,BSE SENSEX TRI,2017-07-31,2020-06-30,36,0.9977,0.8686,-0.1291,1.0944,0.4253,-0.6691
LIC MF BSE Sensex ETF,BSE SENSEX TRI,2017-08-31,2020-07-31,36,0.9988,0.8787,-0.1201,1.1457,1.3632,0.2175
LIC MF BSE Sensex ETF,BSE SENSEX TRI,2017-09-30,2020-08-31,36,0.9988,0.8758,-0.123,1.1434,1.6142,0.4707
LIC MF BSE Sensex ETF,BSE SENSEX TRI,2017-10-31,2020-09-30,36,0.9988,0.8768,-0.122,1.1519,1.1985,0.0467
LIC MF BSE Sensex ETF,BSE SENSEX TRI,2017-11-30,2020-10-31,36,0.9991,0.8783,-0.1208,1.1921,1.8937,0.7016
LIC MF BSE Sensex ETF,BSE SENSEX TRI,2017-12-31,2020-11-30,36,0.998,0.8843,-0.1137,1.1729,1.1017,-0.0711
LIC MF BSE Sensex ETF,BSE SENSEX TRI,2018-01-31,2020-12-31,36,0.9978,0.8907,-0.1071,1.1663,1.713,0.5466
LIC MF BSE Sensex ETF,BSE SENSEX TRI,2018-02-28,2021-01-31,36,0.9983,0.8873,-0.111,1.1619,-0.0584,-1.2203
LIC MF BSE Sensex ETF,BSE SENSEX TRI,2018-03-31,2021-02-28,36,0.998,0.889,-0.109,1.1918,1.1335,-0.0583
LIC MF BSE Sensex ETF,BSE SENSEX TRI,2018-04-30,2021-03-31,36,0.998,0.8867,-0.1113,1.165,1.4432,0.2782
LIC MF BSE Sensex ETF,BSE SENSEX TRI,2018-05-31,2021-04-30,36,0.9986,0.8842,-0.1144,1.1675,1.0524,-0.1151
LIC MF BSE Sensex ETF,BSE SENSEX TRI,2018-06-30,2021-05-31,36,0.999,0.8869,-0.1121,1.1505,0.9974,-0.1531
LIC MF BSE Sensex ETF,BSE SENSEX TRI,2018-07-31,2021-06-30,36,0.9991,0.8869,-0.1123,1.1321,1.0816,-0.0506
LIC MF BSE Sensex ETF,BSE SENSEX TRI,2018-08-31,2021-07-31,36,0.9988,0.8848,-0.114,1.1237,0.7041,-0.4195
LIC MF BSE Sensex ETF,BSE SENSEX TRI,2018-09-30,2021-08-31,36,0.9983,0.8926,-0.1057,1.0985,1.2578,0.1593
LIC MF BSE Sensex ETF,BSE SENSEX TRI,2018-10-31,2021-09-30,36,0.9979,0.887,-0.1109,1.1066,1.8293,0.7226
LIC MF BSE Sensex ETF,BSE SENSEX TRI,2018-11-30,2021-10-31,36,0.998,0.8862,-0.1118,1.1029,1.2148,0.1118
LIC MF BSE Sensex ETF,BSE SENSEX TRI,2018-12-31,2021-11-30,36,0.9984,0.8855,-0.1129,1.0606,0.888,-0.1726
LIC MF BSE Sensex ETF,BSE SENSEX TRI,2019-01-31,2021-12-31,36,0.9984,0.8847,-0.1138,1.0082,1.44,0.4318
LIC MF BSE Sensex ETF,BSE SENSEX TRI,2019-02-28,2022-01-31,36,0.9985,0.8855,-0.1129,1.0047,0.69,-0.3147
LIC MF BSE Sensex ETF,BSE SENSEX TRI,2019-03-31,2022-02-28,36,0.9983,0.8818,-0.1165,1.0234,1.3285,0.3051
LIC MF BSE Sensex ETF,BSE SENSEX TRI,2019-04-30,2022-03-31,36,0.9966,0.8762,-0.1204,0.8967,0.8059,-0.0908
LIC MF BSE Sensex ETF,BSE SENSEX TRI,2019-05-31,2022-04-30,36,0.9967,0.8759,-0.1208,1.02,0.7833,-0.2367
LIC MF BSE Sensex ETF,BSE SENSEX TRI,2019-06-30,2022-05-31,36,0.9958,0.8751,-0.1207,1.1273,0.7886,-0.3386
LIC MF BSE Sensex ETF,BSE SENSEX TRI,2019-07-31,2022-06-30,36,0.996,0.8768,-0.1192,1.0623,0.7025,-0.3598
LIC MF BSE Sensex ETF,BSE SENSEX TRI,2019-08-31,2022-07-31,36,0.997,0.883,-0.114,1.0271,-0.0499,-1.077
LIC MF BSE Sensex ETF,BSE SENSEX TRI,2019-09-30,2022-08-31,36,0.9972,0.8821,-0.1151,1.0409,1.0196,-0.0213
LIC MF BSE Sensex ETF,BSE SENSEX TRI,2019-10-31,2022-09-30,36,0.9976,0.8847,-0.1128,1.0307,0.26,-0.7707
LIC MF BSE Sensex ETF,BSE SENSEX TRI,2019-11-30,2022-10-31,36,0.9977,0.8865,-0.1112,1.0478,0.5033,-0.5446
LIC MF BSE Sensex ETF,BSE SENSEX TRI,2019-12-31,2022-11-30,36,0.9977,0.8872,-0.1105,1.071,0.5745,-0.4965
LIC MF BSE Sensex ETF,BSE SENSEX TRI,2020-01-31,2022-12-31,36,0.9978,0.8881,-0.1097,1.0637,0.4163,-0.6474
LIC MF BSE Sensex ETF,BSE SENSEX TRI,2020-02-29,2023-01-31,36,0.9979,0.8956,-0.1022,1.0681,-0.4144,-1.4825
LIC MF BSE Sensex ETF,BSE SENSEX TRI,2020-03-31,2023-02-28,36,0.9974,0.8879,-0.1094,1.1155,0.4691,-0.6464
LIC MF BSE Sensex ETF,BSE SENSEX TRI,2020-04-30,2023-03-31,36,0.999,0.8938,-0.1052,1.0307,0.3962,-0.6345
LIC MF BSE Sensex ETF,BSE SENSEX TRI,2020-05-31,2023-04-30,36,1.0005,0.9784,-0.0222,1.0184,-0.03,-1.0485
LIC MF BSE Sensex ETF,BSE SENSEX TRI,2020-06-30,2023-05-31,36,1.0007,0.9665,-0.0343,1.1164,1.4626,0.3462
LIC MF BSE Sensex ETF,BSE SENSEX TRI,2020-07-31,2023-06-30,36,1.0017,0.9541,-0.0476,1.1641,0.9995,-0.1647
LIC MF BSE Sensex ETF,BSE SENSEX TRI,2020-08-31,2023-07-31,36,0.9987,0.9394,-0.0592,1.1105,0.5877,-0.5228
LIC MF BSE Sensex ETF,BSE SENSEX TRI,2020-09-30,2023-08-31,36,0.9982,0.9482,-0.0501,1.1437,0.3045,-0.8392
LIC MF BSE Sensex ETF,BSE SENSEX TRI,2020-10-31,2023-09-30,36,0.9981,0.944,-0.0541,1.1267,0.8764,-0.2503
LIC MF BSE Sensex ETF,BSE SENSEX TRI,2020-11-30,2023-10-31,36,0.9976,0.9415,-0.0561,1.0976,0.2155,-0.8822
LIC MF BSE Sensex ETF,BSE SENSEX TRI,2020-12-31,2023-11-30,36,0.9999,0.938,-0.0619,1.1154,-0.0614,-1.1768
LIC MF BSE Sensex ETF,BSE SENSEX TRI,2021-01-31,2023-12-31,36,0.9993,0.9317,-0.0676,1.104,-0.2121,-1.3162
LIC MF BSE Sensex ETF,BSE SENSEX TRI,2021-02-28,2024-01-31,36,0.9989,0.9382,-0.0607,1.1099,1.167,0.0571
LIC MF BSE Sensex ETF,BSE SENSEX TRI,2021-03-31,2024-02-29,36,0.9989,0.9208,-0.0781,1.1148,-0.204,-1.3187
LIC MF BSE Sensex ETF,BSE SENSEX TRI,2021-04-30,2024-03-31,36,0.9987,0.9194,-0.0794,1.1057,0.1191,-0.9866
LIC MF BSE Sensex ETF,BSE SENSEX TRI,2021-05-31,2024-04-30,36,0.9983,0.9182,-0.0801,1.1024,0.3208,-0.7815
LIC MF BSE Sensex ETF,BSE SENSEX TRI,2021-06-30,2024-05-31,36,0.996,0.9138,-0.0821,1.1739,0.0503,-1.1236
LIC MF BSE Sensex ETF,BSE SENSEX TRI,2021-07-31,2024-06-30,36,0.9976,0.9175,-0.0801,1.1726,-0.0077,-1.1803
LIC MF BSE Sensex ETF,BSE SENSEX TRI,2021-08-31,2024-07-31,36,0.9977,0.9173,-0.0803,1.1488,0.1337,-1.0151
LIC MF BSE Sensex ETF,BSE SENSEX TRI,2021-09-30,2024-08-31,36,0.9989,0.8926,-0.1063,1.1923,-0.2467,-1.439
LIC MF BSE Sensex ETF,BSE SENSEX TRI,2021-10-31,2024-09-30,36,0.9988,0.8923,-0.1065,1.1694,-0.2475,-1.4169
LIC MF BSE Sensex ETF,BSE SENSEX TRI,2021-11-30,2024-10-31,36,0.9986,0.9051,-0.0935,1.1639,0.0231,-1.1408
LIC MF BSE Sensex ETF,BSE SENSEX TRI,2021-12-31,2024-11-30,36,0.9976,0.9009,-0.0967,1.1852,0.4366,-0.7485
LIC MF BSE Sensex ETF,BSE SENSEX TRI,2022-01-31,2024-12-31,36,0.9987,0.9045,-0.0942,1.1813,-0.1526,-1.3339
LIC MF BSE Sensex ETF,BSE SENSEX TRI,2022-02-28,2025-01-31,36,0.9986,0.9053,-0.0933,1.1974,0.4115,-0.7859
LIC MF BSE Sensex ETF,BSE SENSEX TRI,2022-03-31,2025-02-28,36,0.9989,0.9187,-0.0802,1.1853,-0.0874,-1.2727
LIC MF BSE Sensex ETF,BSE SENSEX TRI,2022-04-30,2025-03-31,36,0.9984,0.9342,-0.0643,1.1814,0.526,-0.6553
LIC MF BSE Sensex ETF,BSE SENSEX TRI,2022-05-31,2025-04-30,36,0.9976,0.9288,-0.0688,1.179,0.0673,-1.1117
LIC MF BSE Sensex ETF,BSE SENSEX TRI,2022-06-30,2025-05-31,36,1.0003,0.9333,-0.067,1.0955,-0.1901,-1.2855
LIC MF BSE Sensex ETF,BSE SENSEX TRI,2022-07-31,2025-06-30,36,1.0014,0.9289,-0.0725,1.1484,-0.1489,-1.2973
LIC MF BSE Sensex ETF,BSE SENSEX TRI,2022-08-31,2025-07-31,36,1.0005,0.9404,-0.0601,1.1633,0.2459,-0.9174
LIC MF BSE Sensex ETF,BSE SENSEX TRI,2022-09-30,2025-08-31,36,0.9998,0.9423,-0.0575,1.1566,-1.1697,-2.3263
LIC MF BSE Sensex ETF,BSE SENSEX TRI,2022-10-31,2025-09-30,36,0.9989,0.9329,-0.066,1.1594,-0.8013,-1.9607
LIC MF BSE Sensex ETF,BSE SENSEX TRI,2022-11-30,2025-10-31,36,0.9986,0.9403,-0.0583,1.1538,-0.4554,-1.6091
LIC MF BSE Sensex ETF,BSE SENSEX TRI,2022-12-31,2025-11-30,36,0.9987,0.938,-0.0607,1.1448,-0.4478,-1.5926
LIC MF BSE Sensex ETF,BSE SENSEX TRI,2023-01-31,2025-12-31,36,0.9984,0.9396,-0.0589,1.1333,-0.6108,-1.7441
LIC MF BSE Sensex ETF,BSE SENSEX TRI,2023-02-28,2026-01-31,36,0.9988,0.924,-0.0748,1.1283,-0.2219,-1.3501
LIC MF BSE Sensex ETF,BSE SENSEX TRI,2023-03-31,2026-02-28,36,0.9994,0.9216,-0.0777,1.0926,-1.0182,-2.1107
LIC MF BSE Sensex ETF,BSE SENSEX TRI,2023-04-30,2026-03-31,36,1.0015,0.9727,-0.0288,1.093,-2.2147,-3.3077
LIC MF BSE Sensex ETF,BSE SENSEX TRI,2023-05-31,2026-04-30,36,0.9971,0.9841,-0.0129,0.9885,-1.86,-2.8485
LIC MF BSE Sensex ETF,BSE SENSEX TRI,2023-06-30,2026-05-31,36,0.9528,0.9404,-0.0124,3.3192,0.4436,-2.8756
LIC MF BSE Sensex ETF,BSE SENSEX TRI,2023-07-31,2026-06-30,36,0.9208,0.9503,0.0296,-0.0145,-2.0131,-1.9985
Aditya Birla Sun Life BSE Sensex ETF,BSE SENSEX TRI,2016-07-31,2019-06-30,36,0.9536,0.91,-0.0437,-1.4,-1.5534,-0.1534
Aditya Birla Sun Life BSE Sensex ETF,BSE SENSEX TRI,2016-08-31,2019-07-31,36,0.9371,0.8652,-0.0719,-2.0114,-1.472,0.5393
Aditya Birla Sun Life BSE Sensex ETF,BSE SENSEX TRI,2016-09-30,2019-08-31,36,0.936,0.8654,-0.0707,-2.0247,-1.7315,0.2932
Aditya Birla Sun Life BSE Sensex ETF,BSE SENSEX TRI,2016-10-31,2019-09-30,36,0.9387,0.8677,-0.0711,-1.9373,-1.2872,0.65
Aditya Birla Sun Life BSE Sensex ETF,BSE SENSEX TRI,2016-11-30,2019-10-31,36,0.9416,0.8656,-0.076,-1.9022,-1.4405,0.4617
Aditya Birla Sun Life BSE Sensex ETF,BSE SENSEX TRI,2016-12-31,2019-11-30,36,0.9411,0.8639,-0.0771,-1.8047,-1.2094,0.5953
Aditya Birla Sun Life BSE Sensex ETF,BSE SENSEX TRI,2017-01-31,2019-12-31,36,0.9413,0.8638,-0.0775,-1.7696,-1.116,0.6536
Aditya Birla Sun Life BSE Sensex ETF,BSE SENSEX TRI,2017-02-28,2020-01-31,36,0.9391,0.8579,-0.0812,-1.8544,0.2935,2.1478
Aditya Birla Sun Life BSE Sensex ETF,BSE SENSEX TRI,2017-03-31,2020-02-29,36,0.9398,0.8763,-0.0635,-2.0708,-1.1818,0.889
Aditya Birla Sun Life BSE Sensex ETF,BSE SENSEX TRI,2017-04-30,2020-03-31,36,0.9563,0.8678,-0.0886,-2.4013,-1.396,1.0053
Aditya Birla Sun Life BSE Sensex ETF,BSE SENSEX TRI,2017-05-31,2020-04-30,36,0.9629,0.8365,-0.1265,-2.282,-2.1953,0.0867
Aditya Birla Sun Life BSE Sensex ETF,BSE SENSEX TRI,2017-06-30,2020-05-31,36,0.9615,0.8354,-0.1261,-2.3273,-3.703,-1.3758
Aditya Birla Sun Life BSE Sensex ETF,BSE SENSEX TRI,2017-07-31,2020-06-30,36,0.9645,0.8452,-0.1193,-2.4138,-3.0473,-0.6334
Aditya Birla Sun Life BSE Sensex ETF,BSE SENSEX TRI,2017-08-31,2020-07-31,36,0.9674,0.8557,-0.1117,-2.3101,-2.1119,0.1983
Aditya Birla Sun Life BSE Sensex ETF,BSE SENSEX TRI,2017-09-30,2020-08-31,36,0.9679,0.8534,-0.1145,-2.2391,-1.8106,0.4285
Aditya Birla Sun Life BSE Sensex ETF,BSE SENSEX TRI,2017-10-31,2020-09-30,36,0.9704,0.857,-0.1134,-2.7445,-2.7178,0.0267
Aditya Birla Sun Life BSE Sensex ETF,BSE SENSEX TRI,2017-11-30,2020-10-31,36,0.9659,0.8537,-0.1123,-3.0096,-2.3653,0.6442
Aditya Birla Sun Life BSE Sensex ETF,BSE SENSEX TRI,2017-12-31,2020-11-30,36,0.9693,0.8614,-0.1079,-2.4556,-2.5394,-0.0838
Aditya Birla Sun Life BSE Sensex ETF,BSE SENSEX TRI,2018-01-31,2020-12-31,36,0.97,0.8677,-0.1024,-2.7605,-2.2623,0.4982
Aditya Birla Sun Life BSE Sensex ETF,BSE SENSEX TRI,2018-02-28,2021-01-31,36,0.9813,0.8737,-0.1076,-1.6038,-2.7841,-1.1803
Aditya Birla Sun Life BSE Sensex ETF,BSE SENSEX TRI,2018-03-31,2021-02-28,36,0.987,0.88,-0.107,-1.8665,-1.9304,-0.0639
Aditya Birla Sun Life BSE Sensex ETF,BSE SENSEX TRI,2018-04-30,2021-03-31,36,0.9834,0.8749,-0.1085,-1.4473,-1.1926,0.2548
Aditya Birla Sun Life BSE Sensex ETF,BSE SENSEX TRI,2018-05-31,2021-04-30,36,0.9863,0.8741,-0.1121,-1.1743,-1.2926,-0.1183
Aditya Birla Sun Life BSE Sensex ETF,BSE SENSEX TRI,2018-06-30,2021-05-31,36,0.9869,0.8762,-0.1106,-0.6061,-0.7563,-0.1503
Aditya Birla Sun Life BSE Sensex ETF,BSE SENSEX TRI,2018-07-31,2021-06-30,36,0.9863,0.8756,-0.1107,-0.2851,-0.3358,-0.0507
Aditya Birla Sun Life BSE Sensex ETF,BSE SENSEX TRI,2018-08-31,2021-07-31,36,0.9912,0.8779,-0.1133,0.1966,-0.2144,-0.411
Aditya Birla Sun Life BSE Sensex ETF,BSE SENSEX TRI,2018-09-30,2021-08-31,36,0.9908,0.8855,-0.1053,-0.0227,0.1382,0.1609
Aditya Birla Sun Life BSE Sensex ETF,BSE SENSEX TRI,2018-10-31,2021-09-30,36,0.9849,0.8756,-0.1094,0.4245,1.1321,0.7076
Aditya Birla Sun Life BSE Sensex ETF,BSE SENSEX TRI,2018-11-30,2021-10-31,36,0.9846,0.8745,-0.1102,0.4795,0.5866,0.1071
Aditya Birla Sun Life BSE Sensex ETF,BSE SENSEX TRI,2018-12-31,2021-11-30,36,1.3223,1.1894,-0.1329,-27.3996,-27.7366,-0.337
Aditya Birla Sun Life BSE Sensex ETF,BSE SENSEX TRI,2019-01-31,2021-12-31,36,1.3275,1.1901,-0.1374,-27.71,-27.4297,0.2803
Aditya Birla Sun Life BSE Sensex ETF,BSE SENSEX TRI,2019-02-28,2022-01-31,36,1.3252,1.1936,-0.1316,-27.6021,-28.1028,-0.5007
Aditya Birla Sun Life BSE Sensex ETF,BSE SENSEX TRI,2019-03-31,2022-02-28,36,1.3184,1.1778,-0.1405,-27.3694,-27.2007,0.1688
Aditya Birla Sun Life BSE Sensex ETF,BSE SENSEX TRI,2019-04-30,2022-03-31,36,1.3175,1.1729,-0.1447,-27.2075,-27.4274,-0.2199
Aditya Birla Sun Life BSE Sensex ETF,BSE SENSEX TRI,2019-05-31,2022-04-30,36,1.3074,1.1632,-0.1442,-26.7376,-27.0842,-0.3466
Aditya Birla Sun Life BSE Sensex ETF,BSE SENSEX TRI,2019-06-30,2022-05-31,36,1.2957,1.1524,-0.1433,-26.2556,-26.6819,-0.4262
Aditya Birla Sun Life BSE Sensex ETF,BSE SENSEX TRI,2019-07-31,2022-06-30,36,1.2835,1.1431,-0.1404,-25.9521,-26.3792,-0.4271
Aditya Birla Sun Life BSE Sensex ETF,BSE SENSEX TRI,2019-08-31,2022-07-31,36,1.3035,1.1732,-0.1304,-27.1281,-28.359,-1.2309
Aditya Birla Sun Life BSE Sensex ETF,BSE SENSEX TRI,2019-09-30,2022-08-31,36,1.31,1.1736,-0.1365,-27.4749,-27.6486,-0.1737
Aditya Birla Sun Life BSE Sensex ETF,BSE SENSEX TRI,2019-10-31,2022-09-30,36,1.2943,1.1658,-0.1285,-26.8092,-27.713,-0.9038
Aditya Birla Sun Life BSE Sensex ETF,BSE SENSEX TRI,2019-11-30,2022-10-31,36,1.295,1.1677,-0.1273,-26.9462,-27.6301,-0.6839
Aditya Birla Sun Life BSE Sensex ETF,BSE SENSEX TRI,2019-12-31,2022-11-30,36,1.2974,1.1708,-0.1265,-27.1165,-27.7646,-0.6481
Aditya Birla Sun Life BSE Sensex ETF,BSE SENSEX TRI,2020-01-31,2022-12-31,36,1.2853,1.1608,-0.1244,-26.6824,-27.451,-0.7687
Aditya Birla Sun Life BSE Sensex ETF,BSE SENSEX TRI,2020-02-29,2023-01-31,36,1.2829,1.1729,-0.1101,-26.5943,-28.2065,-1.6122
Aditya Birla Sun Life BSE Sensex ETF,BSE SENSEX TRI,2020-03-31,2023-02-28,36,1.2999,1.1733,-0.1266,-27.0552,-27.8367,-0.7815
Aditya Birla Sun Life BSE Sensex ETF,BSE SENSEX TRI,2020-04-30,2023-03-31,36,1.5938,1.4903,-0.1036,-32.8341,-34.4866,-1.6525
Aditya Birla Sun Life BSE Sensex ETF,BSE SENSEX TRI,2020-05-31,2023-04-30,36,1.6934,1.8005,0.1071,-32.3438,-35.2073,-2.8635
Aditya Birla Sun Life BSE Sensex ETF,BSE SENSEX TRI,2020-06-30,2023-05-31,36,1.7505,1.805,0.0544,-33.9807,-34.9439,-0.9632
Aditya Birla Sun Life BSE Sensex ETF,BSE SENSEX TRI,2020-07-31,2023-06-30,36,1.7734,1.8035,0.0302,-33.4241,-34.9384,-1.5143
Aditya Birla Sun Life BSE Sensex ETF,BSE SENSEX TRI,2020-08-31,2023-07-31,36,1.7949,1.8022,0.0073,-32.8367,-34.703,-1.8663
Aditya Birla Sun Life BSE Sensex ETF,BSE SENSEX TRI,2020-09-30,2023-08-31,36,1.7522,1.7835,0.0313,-31.42,-33.6102,-2.1902
Aditya Birla Sun Life BSE Sensex ETF,BSE SENSEX TRI,2020-10-31,2023-09-30,36,1.7754,1.7909,0.0155,-32.1835,-33.6185,-1.4349
Aditya Birla Sun Life BSE Sensex ETF,BSE SENSEX TRI,2020-11-30,2023-10-31,36,1.7302,1.7367,0.0065,-30.5559,-32.5669,-2.011
Aditya Birla Sun Life BSE Sensex ETF,BSE SENSEX TRI,2020-12-31,2023-11-30,36,1.8277,1.8513,0.0236,-30.0092,-32.5766,-2.5674
Aditya Birla Sun Life BSE Sensex ETF,BSE SENSEX TRI,2021-01-31,2023-12-31,36,1.8328,1.8405,0.0077,-29.9847,-32.708,-2.7233
Aditya Birla Sun Life BSE Sensex ETF,BSE SENSEX TRI,2021-02-28,2024-01-31,36,1.8685,1.8343,-0.0341,-30.7062,-31.2107,-0.5045
Aditya Birla Sun Life BSE Sensex ETF,BSE SENSEX TRI,2021-03-31,2024-02-29,36,1.8853,1.8176,-0.0678,-29.7611,-32.1005,-2.3393
Aditya Birla Sun Life BSE Sensex ETF,BSE SENSEX TRI,2021-04-30,2024-03-31,36,1.8888,1.8146,-0.0742,-29.9436,-31.8095,-1.8659
Aditya Birla Sun Life BSE Sensex ETF,BSE SENSEX TRI,2021-05-31,2024-04-30,36,1.9151,1.837,-0.0781,-30.6769,-32.3048,-1.628
Aditya Birla Sun Life BSE Sensex ETF,BSE SENSEX TRI,2021-06-30,2024-05-31,36,1.9251,1.8504,-0.0747,-29.1048,-31.177,-2.0722
Aditya Birla Sun Life BSE Sensex ETF,BSE SENSEX TRI,2021-07-31,2024-06-30,36,1.8923,1.8187,-0.0737,-30.2003,-32.3736,-2.1733
Aditya Birla Sun Life BSE Sensex ETF,BSE SENSEX TRI,2021-08-31,2024-07-31,36,1.9017,1.8241,-0.0776,-30.9704,-32.9425,-1.972
Aditya Birla Sun Life BSE Sensex ETF,BSE SENSEX TRI,2021-09-30,2024-08-31,36,2.0007,1.855,-0.1457,-29.5397,-32.0328,-2.4931
Aditya Birla Sun Life BSE Sensex ETF,BSE SENSEX TRI,2021-10-31,2024-09-30,36,2.0012,1.8547,-0.1465,-29.4567,-31.9122,-2.4556
Aditya Birla Sun Life BSE Sensex ETF,BSE SENSEX TRI,2021-11-30,2024-10-31,36,1.8702,1.7502,-0.12,-27.5068,-29.3315,-1.8247
Aditya Birla Sun Life BSE Sensex ETF,BSE SENSEX TRI,2021-12-31,2024-11-30,36,0.9963,0.9,-0.0964,1.2418,0.492,-0.7497
Aditya Birla Sun Life BSE Sensex ETF,BSE SENSEX TRI,2022-01-31,2024-12-31,36,0.9974,0.9036,-0.0938,1.2238,-0.1109,-1.3347
Aditya Birla Sun Life BSE Sensex ETF,BSE SENSEX TRI,2022-02-28,2025-01-31,36,0.9975,0.9045,-0.093,1.2265,0.4399,-0.7866
Aditya Birla Sun Life BSE Sensex ETF,BSE SENSEX TRI,2022-03-31,2025-02-28,36,0.998,0.9181,-0.0799,1.2084,-0.0645,-1.2729
Aditya Birla Sun Life BSE Sensex ETF,BSE SENSEX TRI,2022-04-30,2025-03-31,36,0.9976,0.9336,-0.064,1.2073,0.5514,-0.6559
Aditya Birla Sun Life BSE Sensex ETF,BSE SENSEX TRI,2022-05-31,2025-04-30,36,0.9967,0.9281,-0.0686,1.2098,0.0974,-1.1124
Aditya Birla Sun Life BSE Sensex ETF,BSE SENSEX TRI,2022-06-30,2025-05-31,36,0.9995,0.9327,-0.0668,1.1243,-0.1623,-1.2866
Aditya Birla Sun Life BSE Sensex ETF,BSE SENSEX TRI,2022-07-31,2025-06-30,36,1.0006,0.9284,-0.0722,1.1783,-0.1208,-1.299
Aditya Birla Sun Life BSE Sensex ETF,BSE SENSEX TRI,2022-08-31,2025-07-31,36,1.0003,0.9405,-0.0597,1.1976,0.2775,-0.9201
Aditya Birla Sun Life BSE Sensex ETF,BSE SENSEX TRI,2022-09-30,2025-08-31,36,0.9996,0.9424,-0.0572,1.1977,-1.1313,-2.329
Aditya Birla Sun Life BSE Sensex ETF,BSE SENSEX TRI,2022-10-31,2025-09-30,36,0.9987,0.9331,-0.0657,1.1988,-0.7651,-1.9639
Aditya Birla Sun Life BSE Sensex ETF,BSE SENSEX TRI,2022-11-30,2025-10-31,36,0.9986,0.9405,-0.058,1.1975,-0.4144,-1.6119
Aditya Birla Sun Life BSE Sensex ETF,BSE SENSEX TRI,2022-12-31,2025-11-30,36,0.9987,0.9383,-0.0604,1.1907,-0.4046,-1.5953
Aditya Birla Sun Life BSE Sensex ETF,BSE SENSEX TRI,2023-01-31,2025-12-31,36,0.9975,0.939,-0.0585,1.2159,-0.5302,-1.7461
Aditya Birla Sun Life BSE Sensex ETF,BSE SENSEX TRI,2023-02-28,2026-01-31,36,0.9979,0.9234,-0.0745,1.2118,-0.14,-1.3518
Aditya Birla Sun Life BSE Sensex ETF,BSE SENSEX TRI,2023-03-31,2026-02-28,36,0.9985,0.921,-0.0775,1.1751,-0.9371,-2.1122
Aditya Birla Sun Life BSE Sensex ETF,BSE SENSEX TRI,2023-04-30,2026-03-31,36,1.0009,0.9723,-0.0286,1.171,-2.1377,-3.3087
Aditya Birla Sun Life BSE Sensex ETF,BSE SENSEX TRI,2023-05-31,2026-04-30,36,1.0004,0.9869,-0.0135,1.1712,-1.6885,-2.8597
Aditya Birla Sun Life BSE Sensex ETF,BSE SENSEX TRI,2023-06-30,2026-05-31,36,0.9942,0.9813,-0.0129,1.375,-1.5721,-2.9471
Aditya Birla Sun Life BSE Sensex ETF,BSE SENSEX TRI,2023-07-31,2026-06-30,36,0.9963,0.979,-0.0173,1.6245,-0.434,-2.0585
SBI BSE SENSEX ETF,BSE SENSEX TRI,2016-07-31,2019-06-30,36,1.0199,0.96,-0.0599,-0.0051,-0.0648,-0.0597
SBI BSE SENSEX ETF,BSE SENSEX TRI,2016-08-31,2019-07-31,36,1.0147,0.9239,-0.0908,0.102,0.755,0.653
SBI BSE SENSEX ETF,BSE SENSEX TRI,2016-09-30,2019-08-31,36,1.0142,0.9245,-0.0897,0.1277,0.5048,0.3771
SBI BSE SENSEX ETF,BSE SENSEX TRI,2016-10-31,2019-09-30,36,1.0143,0.9249,-0.0894,0.0815,0.8688,0.7873
SBI BSE SENSEX ETF,BSE SENSEX TRI,2016-11-30,2019-10-31,36,1.0147,0.9199,-0.0948,0.0783,0.6783,0.6
SBI BSE SENSEX ETF,BSE SENSEX TRI,2016-12-31,2019-11-30,36,1.0168,0.9198,-0.097,-0.0035,0.7788,0.7823
SBI BSE SENSEX ETF,BSE SENSEX TRI,2017-01-31,2019-12-31,36,1.0168,0.9194,-0.0974,-0.0151,0.8361,0.8512
SBI BSE SENSEX ETF,BSE SENSEX TRI,2017-02-28,2020-01-31,36,1.0169,0.9173,-0.0996,0.0146,2.4554,2.4408
SBI BSE SENSEX ETF,BSE SENSEX TRI,2017-03-31,2020-02-29,36,1.0149,0.9357,-0.0792,0.0623,1.0833,1.021
SBI BSE SENSEX ETF,BSE SENSEX TRI,2017-04-30,2020-03-31,36,1.0061,0.9065,-0.0996,0.6591,1.7096,1.0505
SBI BSE SENSEX ETF,BSE SENSEX TRI,2017-05-31,2020-04-30,36,1.0044,0.866,-0.1384,0.6313,0.7261,0.0947
SBI BSE SENSEX ETF,BSE SENSEX TRI,2017-06-30,2020-05-31,36,1.0044,0.8656,-0.1388,0.6651,-0.8188,-1.4838
SBI BSE SENSEX ETF,BSE SENSEX TRI,2017-07-31,2020-06-30,36,1.0046,0.8741,-0.1305,0.5114,-0.1581,-0.6695
SBI BSE SENSEX ETF,BSE SENSEX TRI,2017-08-31,2020-07-31,36,1.0057,0.8843,-0.1214,0.5569,0.7754,0.2185
SBI BSE SENSEX ETF,BSE SENSEX TRI,2017-09-30,2020-08-31,36,1.0059,0.8815,-0.1244,0.5504,1.0235,0.4731
SBI BSE SENSEX ETF,BSE SENSEX TRI,2017-10-31,2020-09-30,36,1.006,0.8826,-0.1234,0.5371,0.5856,0.0485
SBI BSE SENSEX ETF,BSE SENSEX TRI,2017-11-30,2020-10-31,36,1.0062,0.884,-0.1222,0.572,1.2757,0.7037
SBI BSE SENSEX ETF,BSE SENSEX TRI,2017-12-31,2020-11-30,36,1.0052,0.8903,-0.1149,0.5325,0.4642,-0.0683
SBI BSE SENSEX ETF,BSE SENSEX TRI,2018-01-31,2020-12-31,36,1.0049,0.8967,-0.1082,0.5336,1.0841,0.5505
SBI BSE SENSEX ETF,BSE SENSEX TRI,2018-02-28,2021-01-31,36,1.0051,0.8932,-0.1119,0.5468,-0.6738,-1.2206
SBI BSE SENSEX ETF,BSE SENSEX TRI,2018-03-31,2021-02-28,36,0.9956,0.8883,-0.1073,0.8811,0.8088,-0.0723
SBI BSE SENSEX ETF,BSE SENSEX TRI,2018-04-30,2021-03-31,36,0.9963,0.8867,-0.1096,0.2763,0.5342,0.2579
SBI BSE SENSEX ETF,BSE SENSEX TRI,2018-05-31,2021-04-30,36,0.9964,0.8839,-0.1125,0.2742,0.1462,-0.1279
SBI BSE SENSEX ETF,BSE SENSEX TRI,2018-06-30,2021-05-31,36,0.9972,0.8869,-0.1103,0.261,0.0917,-0.1693
SBI BSE SENSEX ETF,BSE SENSEX TRI,2018-07-31,2021-06-30,36,0.9973,0.8869,-0.1105,0.2671,0.1992,-0.0679
SBI BSE SENSEX ETF,BSE SENSEX TRI,2018-08-31,2021-07-31,36,0.9967,0.8845,-0.1121,0.2605,-0.1703,-0.4308
SBI BSE SENSEX ETF,BSE SENSEX TRI,2018-09-30,2021-08-31,36,0.9967,0.8926,-0.104,0.2352,0.376,0.1408
SBI BSE SENSEX ETF,BSE SENSEX TRI,2018-10-31,2021-09-30,36,0.9967,0.8875,-0.1092,0.2393,0.934,0.6947
SBI BSE SENSEX ETF,BSE SENSEX TRI,2018-11-30,2021-10-31,36,0.9969,0.8869,-0.11,0.2517,0.3346,0.0828
SBI BSE SENSEX ETF,BSE SENSEX TRI,2018-12-31,2021-11-30,36,0.9968,0.8858,-0.1111,0.2083,0.0146,-0.1937
SBI BSE SENSEX ETF,BSE SENSEX TRI,2019-01-31,2021-12-31,36,0.9969,0.8849,-0.112,0.2006,0.6061,0.4055
SBI BSE SENSEX ETF,BSE SENSEX TRI,2019-02-28,2022-01-31,36,0.9969,0.8858,-0.111,0.2055,-0.1313,-0.3368
SBI BSE SENSEX ETF,BSE SENSEX TRI,2019-03-31,2022-02-28,36,0.9966,0.8819,-0.1147,0.2209,0.5022,0.2813
SBI BSE SENSEX ETF,BSE SENSEX TRI,2019-04-30,2022-03-31,36,0.9946,0.8762,-0.1184,0.0911,-0.0196,-0.1107
SBI BSE SENSEX ETF,BSE SENSEX TRI,2019-05-31,2022-04-30,36,0.9946,0.8758,-0.1188,0.2114,-0.0414,-0.2528
SBI BSE SENSEX ETF,BSE SENSEX TRI,2019-06-30,2022-05-31,36,0.9934,0.8747,-0.1187,0.3186,-0.0324,-0.3509
SBI BSE SENSEX ETF,BSE SENSEX TRI,2019-07-31,2022-06-30,36,0.9935,0.8762,-0.1172,0.2658,-0.1035,-0.3693
SBI BSE SENSEX ETF,BSE SENSEX TRI,2019-08-31,2022-07-31,36,0.9951,0.8831,-0.112,0.2323,-0.8589,-1.0913
SBI BSE SENSEX ETF,BSE SENSEX TRI,2019-09-30,2022-08-31,36,0.9955,0.8822,-0.1133,0.2402,0.1963,-0.0439
SBI BSE SENSEX ETF,BSE SENSEX TRI,2019-10-31,2022-09-30,36,0.9957,0.8847,-0.1109,0.2287,-0.555,-0.7837
SBI BSE SENSEX ETF,BSE SENSEX TRI,2019-11-30,2022-10-31,36,0.9959,0.8865,-0.1094,0.2357,-0.324,-0.5597
SBI BSE SENSEX ETF,BSE SENSEX TRI,2019-12-31,2022-11-30,36,0.996,0.8873,-0.1087,0.2582,-0.2551,-0.5134
SBI BSE SENSEX ETF,BSE SENSEX TRI,2020-01-31,2022-12-31,36,0.9961,0.8882,-0.108,0.2537,-0.4062,-0.6599
SBI BSE SENSEX ETF,BSE SENSEX TRI,2020-02-29,2023-01-31,36,0.9961,0.8958,-0.1004,0.2574,-1.2322,-1.4896
SBI BSE SENSEX ETF,BSE SENSEX TRI,2020-03-31,2023-02-28,36,0.9958,0.8882,-0.1076,0.3053,-0.3571,-0.6624
SBI BSE SENSEX ETF,BSE SENSEX TRI,2020-04-30,2023-03-31,36,0.9986,0.8966,-0.1021,0.2104,-0.4866,-0.697
SBI BSE SENSEX ETF,BSE SENSEX TRI,2020-05-31,2023-04-30,36,0.9987,0.9804,-0.0183,0.2152,-0.8866,-1.1018
SBI BSE SENSEX ETF,BSE SENSEX TRI,2020-06-30,2023-05-31,36,0.9996,0.9688,-0.0308,0.2989,0.5803,0.2814
SBI BSE SENSEX ETF,BSE SENSEX TRI,2020-07-31,2023-06-30,36,0.9998,0.9562,-0.0437,0.3511,0.1231,-0.228
SBI BSE SENSEX ETF,BSE SENSEX TRI,2020-08-31,2023-07-31,36,0.9961,0.9411,-0.055,0.3059,-0.2767,-0.5826
SBI BSE SENSEX ETF,BSE SENSEX TRI,2020-09-30,2023-08-31,36,0.9947,0.9489,-0.0458,0.3593,-0.5289,-0.8882
SBI BSE SENSEX ETF,BSE SENSEX TRI,2020-10-31,2023-09-30,36,0.9946,0.9448,-0.0498,0.3567,0.049,-0.3078
SBI BSE SENSEX ETF,BSE SENSEX TRI,2020-11-30,2023-10-31,36,0.9934,0.9417,-0.0517,0.3329,-0.5919,-0.9248
SBI BSE SENSEX ETF,BSE SENSEX TRI,2020-12-31,2023-11-30,36,0.9936,0.9369,-0.0567,0.3517,-0.8611,-1.2128
SBI BSE SENSEX ETF,BSE SENSEX TRI,2021-01-31,2023-12-31,36,0.9933,0.931,-0.0624,0.3467,-1.005,-1.3517
SBI BSE SENSEX ETF,BSE SENSEX TRI,2021-02-28,2024-01-31,36,0.993,0.9372,-0.0558,0.358,0.3676,0.0096
SBI BSE SENSEX ETF,BSE SENSEX TRI,2021-03-31,2024-02-29,36,1.0005,0.9231,-0.0774,0.5731,-0.7501,-1.3233
SBI BSE SENSEX ETF,BSE SENSEX TRI,2021-04-30,2024-03-31,36,0.9992,0.9199,-0.0793,1.155,0.1661,-0.989
SBI BSE SENSEX ETF,BSE SENSEX TRI,2021-05-31,2024-04-30,36,0.9988,0.9188,-0.08,1.1543,0.3705,-0.7838
SBI BSE SENSEX ETF,BSE SENSEX TRI,2021-06-30,2024-05-31,36,0.9963,0.9143,-0.082,1.2248,0.099,-1.1258
SBI BSE SENSEX ETF,BSE SENSEX TRI,2021-07-31,2024-06-30,36,0.9978,0.9178,-0.08,1.2123,0.0296,-1.1827
SBI BSE SENSEX ETF,BSE SENSEX TRI,2021-08-31,2024-07-31,36,0.9979,0.9177,-0.0802,1.1904,0.1728,-1.0176
SBI BSE SENSEX ETF,BSE SENSEX TRI,2021-09-30,2024-08-31,36,0.9993,0.8931,-0.1062,1.2332,-0.2082,-1.4414
SBI BSE SENSEX ETF,BSE SENSEX TRI,2021-10-31,2024-09-30,36,0.9992,0.8928,-0.1064,1.2216,-0.1978,-1.4193
SBI BSE SENSEX ETF,BSE SENSEX TRI,2021-11-30,2024-10-31,36,0.9991,0.9056,-0.0935,1.2158,0.0733,-1.1425
SBI BSE SENSEX ETF,BSE SENSEX TRI,2021-12-31,2024-11-30,36,0.9979,0.9013,-0.0966,1.2407,0.4908,-0.7499
SBI BSE SENSEX ETF,BSE SENSEX TRI,2022-01-31,2024-12-31,36,0.999,0.9049,-0.0941,1.225,-0.111,-1.3359
SBI BSE SENSEX ETF,BSE SENSEX TRI,2022-02-28,2025-01-31,36,0.999,0.9057,-0.0933,1.2281,0.4411,-0.787
SBI BSE SENSEX ETF,BSE SENSEX TRI,2022-03-31,2025-02-28,36,0.9994,0.9192,-0.0802,1.2134,-0.0606,-1.2741
SBI BSE SENSEX ETF,BSE SENSEX TRI,2022-04-30,2025-03-31,36,0.999,0.9348,-0.0642,1.2141,0.5577,-0.6564
SBI BSE SENSEX ETF,BSE SENSEX TRI,2022-05-31,2025-04-30,36,0.9981,0.9293,-0.0688,1.2143,0.1011,-1.1132
SBI BSE SENSEX ETF,BSE SENSEX TRI,2022-06-30,2025-05-31,36,1.0009,0.9339,-0.067,1.127,-0.1605,-1.2876
SBI BSE SENSEX ETF,BSE SENSEX TRI,2022-07-31,2025-06-30,36,1.002,0.9296,-0.0724,1.1779,-0.1217,-1.2997
SBI BSE SENSEX ETF,BSE SENSEX TRI,2022-08-31,2025-07-31,36,1.0013,0.9413,-0.06,1.1946,0.275,-0.9196
SBI BSE SENSEX ETF,BSE SENSEX TRI,2022-09-30,2025-08-31,36,1.0006,0.9432,-0.0574,1.1934,-1.1368,-2.3302
SBI BSE SENSEX ETF,BSE SENSEX TRI,2022-10-31,2025-09-30,36,0.9995,0.9337,-0.0658,1.2048,-0.7597,-1.9645
SBI BSE SENSEX ETF,BSE SENSEX TRI,2022-11-30,2025-10-31,36,0.9993,0.9411,-0.0582,1.203,-0.4094,-1.6123
SBI BSE SENSEX ETF,BSE SENSEX TRI,2022-12-31,2025-11-30,36,0.9994,0.9388,-0.0606,1.1959,-0.3999,-1.5958
SBI BSE SENSEX ETF,BSE SENSEX TRI,2023-01-31,2025-12-31,36,0.9985,0.9397,-0.0587,1.2025,-0.5438,-1.7463
SBI BSE SENSEX ETF,BSE SENSEX TRI,2023-02-28,2026-01-31,36,0.9988,0.9241,-0.0747,1.1982,-0.1536,-1.3518
SBI BSE SENSEX ETF,BSE SENSEX TRI,2023-03-31,2026-02-28,36,0.9994,0.9218,-0.0777,1.1612,-0.9516,-2.1128
SBI BSE SENSEX ETF,BSE SENSEX TRI,2023-04-30,2026-03-31,36,1.0017,0.973,-0.0287,1.1586,-2.1518,-3.3105
SBI BSE SENSEX ETF,BSE SENSEX TRI,2023-05-31,2026-04-30,36,0.9972,0.9843,-0.0129,1.0522,-1.7986,-2.8508
SBI BSE SENSEX ETF,BSE SENSEX TRI,2023-06-30,2026-05-31,36,0.953,0.9407,-0.0123,3.3862,0.5082,-2.8781
SBI BSE SENSEX ETF,BSE SENSEX TRI,2023-07-31,2026-06-30,36,0.9209,0.9506,0.0297,0.0475,-1.9527,-2.0002
UTI BSE Sensex ETF,BSE SENSEX TRI,2016-07-31,2019-06-30,36,1.0035,0.9435,-0.0599,1.1956,1.1446,-0.051
UTI BSE Sensex ETF,BSE SENSEX TRI,2016-08-31,2019-07-31,36,1.0012,0.9114,-0.0898,1.2632,1.9154,0.6522
UTI BSE Sensex ETF,BSE SENSEX TRI,2016-09-30,2019-08-31,36,1.0011,0.9122,-0.0889,1.2904,1.6681,0.3777
UTI BSE Sensex ETF,BSE SENSEX TRI,2016-10-31,2019-09-30,36,1.0005,0.912,-0.0885,1.2556,2.042,0.7865
UTI BSE Sensex ETF,BSE SENSEX TRI,2016-11-30,2019-10-31,36,1.0006,0.9067,-0.0938,1.2415,1.842,0.6005
UTI BSE Sensex ETF,BSE SENSEX TRI,2016-12-31,2019-11-30,36,1.0003,0.9044,-0.0959,1.2143,1.9961,0.7819
UTI BSE Sensex ETF,BSE SENSEX TRI,2017-01-31,2019-12-31,36,1.0001,0.9039,-0.0962,1.1994,2.0496,0.8502
UTI BSE Sensex ETF,BSE SENSEX TRI,2017-02-28,2020-01-31,36,1.0011,0.9035,-0.0976,1.1898,3.615,2.4252
UTI BSE Sensex ETF,BSE SENSEX TRI,2017-03-31,2020-02-29,36,1.0022,0.9235,-0.0786,1.1705,2.1904,1.0199
UTI BSE Sensex ETF,BSE SENSEX TRI,2017-04-30,2020-03-31,36,0.9985,0.9003,-0.0982,1.1937,2.2454,1.0517
UTI BSE Sensex ETF,BSE SENSEX TRI,2017-05-31,2020-04-30,36,0.9976,0.8608,-0.1368,1.1993,1.2937,0.0944
UTI BSE Sensex ETF,BSE SENSEX TRI,2017-06-30,2020-05-31,36,0.9978,0.8604,-0.1374,1.2138,-0.2672,-1.481
UTI BSE Sensex ETF,BSE SENSEX TRI,2017-07-31,2020-06-30,36,0.9979,0.8688,-0.1291,1.0783,0.4091,-0.6692
UTI BSE Sensex ETF,BSE SENSEX TRI,2017-08-31,2020-07-31,36,0.9992,0.8791,-0.1201,1.1364,1.354,0.2176
UTI BSE Sensex ETF,BSE SENSEX TRI,2017-09-30,2020-08-31,36,0.9993,0.8762,-0.123,1.1311,1.602,0.4709
UTI BSE Sensex ETF,BSE SENSEX TRI,2017-10-31,2020-09-30,36,0.9993,0.8773,-0.1221,1.115,1.1618,0.0468
UTI BSE Sensex ETF,BSE SENSEX TRI,2017-11-30,2020-10-31,36,0.9996,0.8787,-0.1209,1.1475,1.8492,0.7017
UTI BSE Sensex ETF,BSE SENSEX TRI,2017-12-31,2020-11-30,36,0.9987,0.8849,-0.1137,1.1342,1.0632,-0.0711
UTI BSE Sensex ETF,BSE SENSEX TRI,2018-01-31,2020-12-31,36,0.9984,0.8913,-0.1071,1.1345,1.6812,0.5467
UTI BSE Sensex ETF,BSE SENSEX TRI,2018-02-28,2021-01-31,36,0.9989,0.8879,-0.1111,1.1311,-0.0897,-1.2208
UTI BSE Sensex ETF,BSE SENSEX TRI,2018-03-31,2021-02-28,36,0.9988,0.8897,-0.1092,1.1668,1.1091,-0.0577
UTI BSE Sensex ETF,BSE SENSEX TRI,2018-04-30,2021-03-31,36,0.9998,0.8884,-0.1114,0.2687,0.5438,0.2751
UTI BSE Sensex ETF,BSE SENSEX TRI,2018-05-31,2021-04-30,36,0.9999,0.8856,-0.1144,0.2746,0.1589,-0.1156
UTI BSE Sensex ETF,BSE SENSEX TRI,2018-06-30,2021-05-31,36,1.0007,0.8886,-0.1121,0.2549,0.1008,-0.1541
UTI BSE Sensex ETF,BSE SENSEX TRI,2018-07-31,2021-06-30,36,1.0008,0.8885,-0.1123,0.2619,0.2099,-0.052
UTI BSE Sensex ETF,BSE SENSEX TRI,2018-08-31,2021-07-31,36,1.0002,0.8862,-0.114,0.2612,-0.1575,-0.4187
UTI BSE Sensex ETF,BSE SENSEX TRI,2018-09-30,2021-08-31,36,1.0,0.8943,-0.1058,0.229,0.3859,0.1569
UTI BSE Sensex ETF,BSE SENSEX TRI,2018-10-31,2021-09-30,36,1.0001,0.889,-0.111,0.2317,0.9489,0.7172
UTI BSE Sensex ETF,BSE SENSEX TRI,2018-11-30,2021-10-31,36,1.0005,0.8886,-0.1119,0.2316,0.339,0.1074
UTI BSE Sensex ETF,BSE SENSEX TRI,2018-12-31,2021-11-30,36,1.0003,0.8874,-0.1129,0.1983,0.0235,-0.1748
UTI BSE Sensex ETF,BSE SENSEX TRI,2019-01-31,2021-12-31,36,1.0004,0.8866,-0.1138,0.1876,0.6146,0.427
UTI BSE Sensex ETF,BSE SENSEX TRI,2019-02-28,2022-01-31,36,1.0004,0.8875,-0.1128,0.1927,-0.1246,-0.3174
UTI BSE Sensex ETF,BSE SENSEX TRI,2019-03-31,2022-02-28,36,1.0001,0.8836,-0.1165,0.2105,0.5112,0.3007
UTI BSE Sensex ETF,BSE SENSEX TRI,2019-04-30,2022-03-31,36,0.9982,0.8778,-0.1203,0.0821,-0.0113,-0.0934
UTI BSE Sensex ETF,BSE SENSEX TRI,2019-05-31,2022-04-30,36,0.9981,0.8774,-0.1207,0.2059,-0.0322,-0.2381
UTI BSE Sensex ETF,BSE SENSEX TRI,2019-06-30,2022-05-31,36,0.9969,0.8763,-0.1206,0.3178,-0.0211,-0.3389
UTI BSE Sensex ETF,BSE SENSEX TRI,2019-07-31,2022-06-30,36,0.9969,0.8778,-0.119,0.2688,-0.0907,-0.3595
UTI BSE Sensex ETF,BSE SENSEX TRI,2019-08-31,2022-07-31,36,0.9985,0.8847,-0.1138,0.2192,-0.8567,-1.0759
UTI BSE Sensex ETF,BSE SENSEX TRI,2019-09-30,2022-08-31,36,0.9989,0.8838,-0.115,0.2228,0.1981,-0.0247
UTI BSE Sensex ETF,BSE SENSEX TRI,2019-10-31,2022-09-30,36,0.999,0.8863,-0.1127,0.2191,-0.5508,-0.7698
UTI BSE Sensex ETF,BSE SENSEX TRI,2019-11-30,2022-10-31,36,0.9992,0.888,-0.1111,0.2234,-0.3211,-0.5446
UTI BSE Sensex ETF,BSE SENSEX TRI,2019-12-31,2022-11-30,36,0.9992,0.8888,-0.1104,0.2431,-0.254,-0.4971
UTI BSE Sensex ETF,BSE SENSEX TRI,2020-01-31,2022-12-31,36,0.9993,0.8897,-0.1096,0.2424,-0.4041,-0.6465
UTI BSE Sensex ETF,BSE SENSEX TRI,2020-02-29,2023-01-31,36,0.9993,0.8973,-0.102,0.2467,-1.2314,-1.4781
UTI BSE Sensex ETF,BSE SENSEX TRI,2020-03-31,2023-02-28,36,0.9991,0.8898,-0.1094,0.2872,-0.3591,-0.6462
UTI BSE Sensex ETF,BSE SENSEX TRI,2020-04-30,2023-03-31,36,1.004,0.8991,-0.1049,0.1312,-0.5196,-0.6509
UTI BSE Sensex ETF,BSE SENSEX TRI,2020-05-31,2023-04-30,36,1.0053,0.9841,-0.0212,0.1366,-0.9265,-1.0631
UTI BSE Sensex ETF,BSE SENSEX TRI,2020-06-30,2023-05-31,36,1.0065,0.9726,-0.0339,0.1982,0.5334,0.3353
UTI BSE Sensex ETF,BSE SENSEX TRI,2020-07-31,2023-06-30,36,1.0071,0.96,-0.0471,0.2553,0.0783,-0.177
UTI BSE Sensex ETF,BSE SENSEX TRI,2020-08-31,2023-07-31,36,1.0038,0.9451,-0.0587,0.2156,-0.3192,-0.5348
UTI BSE Sensex ETF,BSE SENSEX TRI,2020-09-30,2023-08-31,36,1.0022,0.9529,-0.0493,0.2848,-0.5645,-0.8493
UTI BSE Sensex ETF,BSE SENSEX TRI,2020-10-31,2023-09-30,36,1.0022,0.9488,-0.0534,0.2732,0.0108,-0.2624
UTI BSE Sensex ETF,BSE SENSEX TRI,2020-11-30,2023-10-31,36,1.0009,0.9455,-0.0553,0.269,-0.6211,-0.8901
UTI BSE Sensex ETF,BSE SENSEX TRI,2020-12-31,2023-11-30,36,1.0024,0.9415,-0.0609,0.2922,-0.8906,-1.1828
UTI BSE Sensex ETF,BSE SENSEX TRI,2021-01-31,2023-12-31,36,1.0021,0.9354,-0.0667,0.2869,-1.0353,-1.3221
UTI BSE Sensex ETF,BSE SENSEX TRI,2021-02-28,2024-01-31,36,1.0021,0.9417,-0.0604,0.2883,0.3398,0.0515
UTI BSE Sensex ETF,BSE SENSEX TRI,2021-03-31,2024-02-29,36,1.001,0.924,-0.077,0.2945,-1.03,-1.3245
UTI BSE Sensex ETF,BSE SENSEX TRI,2021-04-30,2024-03-31,36,0.9992,0.92,-0.0792,1.1623,0.1731,-0.9893
UTI BSE Sensex ETF,BSE SENSEX TRI,2021-05-31,2024-04-30,36,0.9987,0.9188,-0.08,1.1614,0.3772,-0.7841
UTI BSE Sensex ETF,BSE SENSEX TRI,2021-06-30,2024-05-31,36,0.9963,0.9143,-0.082,1.2318,0.1057,-1.1261
UTI BSE Sensex ETF,BSE SENSEX TRI,2021-07-31,2024-06-30,36,0.9978,0.9179,-0.08,1.2192,0.0362,-1.183
UTI BSE Sensex ETF,BSE SENSEX TRI,2021-08-31,2024-07-31,36,0.9979,0.9178,-0.0801,1.1972,0.1792,-1.0179
UTI BSE Sensex ETF,BSE SENSEX TRI,2021-09-30,2024-08-31,36,0.9992,0.893,-0.1062,1.2397,-0.2021,-1.4418
UTI BSE Sensex ETF,BSE SENSEX TRI,2021-10-31,2024-09-30,36,0.9992,0.8928,-0.1064,1.2278,-0.1919,-1.4197
UTI BSE Sensex ETF,BSE SENSEX TRI,2021-11-30,2024-10-31,36,0.999,0.9055,-0.0935,1.2181,0.0757,-1.1424
UTI BSE Sensex ETF,BSE SENSEX TRI,2021-12-31,2024-11-30,36,0.9979,0.9012,-0.0966,1.243,0.4932,-0.7498
UTI BSE Sensex ETF,BSE SENSEX TRI,2022-01-31,2024-12-31,36,0.9989,0.9049,-0.0941,1.2278,-0.1081,-1.3359
UTI BSE Sensex ETF,BSE SENSEX TRI,2022-02-28,2025-01-31,36,0.999,0.9057,-0.0933,1.2312,0.4443,-0.7869
UTI BSE Sensex ETF,BSE SENSEX TRI,2022-03-31,2025-02-28,36,0.9993,0.9192,-0.0802,1.2165,-0.0576,-1.274
UTI BSE Sensex ETF,BSE SENSEX TRI,2022-04-30,2025-03-31,36,0.999,0.9348,-0.0642,1.2173,0.561,-0.6564
UTI BSE Sensex ETF,BSE SENSEX TRI,2022-05-31,2025-04-30,36,0.9981,0.9293,-0.0688,1.2174,0.1042,-1.1132
UTI BSE Sensex ETF,BSE SENSEX TRI,2022-06-30,2025-05-31,36,1.0009,0.9339,-0.067,1.1302,-0.1573,-1.2875
UTI BSE Sensex ETF,BSE SENSEX TRI,2022-07-31,2025-06-30,36,1.002,0.9296,-0.0724,1.1811,-0.1184,-1.2995
UTI BSE Sensex ETF,BSE SENSEX TRI,2022-08-31,2025-07-31,36,1.0013,0.9413,-0.06,1.1979,0.2784,-0.9196
UTI BSE Sensex ETF,BSE SENSEX TRI,2022-09-30,2025-08-31,36,1.0006,0.9432,-0.0574,1.1968,-1.1334,-2.3302
UTI BSE Sensex ETF,BSE SENSEX TRI,2022-10-31,2025-09-30,36,0.9995,0.9337,-0.0658,1.208,-0.7565,-1.9645
UTI BSE Sensex ETF,BSE SENSEX TRI,2022-11-30,2025-10-31,36,0.9993,0.9411,-0.0582,1.206,-0.4064,-1.6124
UTI BSE Sensex ETF,BSE SENSEX TRI,2022-12-31,2025-11-30,36,0.9995,0.9389,-0.0606,1.2036,-0.3923,-1.5958
UTI BSE Sensex ETF,BSE SENSEX TRI,2023-01-31,2025-12-31,36,0.9985,0.9397,-0.0588,1.2118,-0.5345,-1.7463
UTI BSE Sensex ETF,BSE SENSEX TRI,2023-02-28,2026-01-31,36,0.9989,0.9242,-0.0747,1.2071,-0.1447,-1.3519
UTI BSE Sensex ETF,BSE SENSEX TRI,2023-03-31,2026-02-28,36,0.9995,0.9218,-0.0777,1.1701,-0.9428,-2.1129
UTI BSE Sensex ETF,BSE SENSEX TRI,2023-04-30,2026-03-31,36,1.0017,0.973,-0.0287,1.1676,-2.1432,-3.3108
UTI BSE Sensex ETF,BSE SENSEX TRI,2023-05-31,2026-04-30,36,0.9972,0.9843,-0.0129,1.0614,-1.7897,-2.8511
UTI BSE Sensex ETF,BSE SENSEX TRI,2023-06-30,2026-05-31,36,0.953,0.9407,-0.0123,3.3951,0.5167,-2.8784
UTI BSE Sensex ETF,BSE SENSEX TRI,2023-07-31,2026-06-30,36,0.9209,0.9506,0.0297,0.0554,-1.9451,-2.0004
BANDHAN BSE Sensex ETF,BSE SENSEX TRI,2016-07-31,2019-06-30,36,0.9432,0.8885,-0.0547,2.1008,2.0391,-0.0617
BANDHAN BSE Sensex ETF,BSE SENSEX TRI,2016-08-31,2019-07-31,36,0.9734,0.888,-0.0854,3.4351,4.0727,0.6376
BANDHAN BSE Sensex ETF,BSE SENSEX TRI,2016-09-30,2019-08-31,36,0.9738,0.8888,-0.085,3.3563,3.7243,0.368
BANDHAN BSE Sensex ETF,BSE SENSEX TRI,2016-10-31,2019-09-30,36,0.9849,0.8981,-0.0868,2.5547,3.3366,0.7819
BANDHAN BSE Sensex ETF,BSE SENSEX TRI,2016-11-30,2019-10-31,36,0.9906,0.8974,-0.0932,1.1502,1.7464,0.5962
BANDHAN BSE Sensex ETF,BSE SENSEX TRI,2016-12-31,2019-11-30,36,0.9898,0.8947,-0.0952,1.1322,1.9083,0.7761
BANDHAN BSE Sensex ETF,BSE SENSEX TRI,2017-01-31,2019-12-31,36,0.9896,0.8941,-0.0955,1.1475,1.9916,0.8441
BANDHAN BSE Sensex ETF,BSE SENSEX TRI,2017-02-28,2020-01-31,36,0.9906,0.8938,-0.0968,1.1236,3.5233,2.3998
BANDHAN BSE Sensex ETF,BSE SENSEX TRI,2017-03-31,2020-02-29,36,0.9917,0.9136,-0.078,1.0953,2.1047,1.0094
BANDHAN BSE Sensex ETF,BSE SENSEX TRI,2017-04-30,2020-03-31,36,0.9844,0.8873,-0.097,1.1564,2.1913,1.0349
BANDHAN BSE Sensex ETF,BSE SENSEX TRI,2017-05-31,2020-04-30,36,0.9827,0.8476,-0.1351,1.1426,1.2357,0.093
BANDHAN BSE Sensex ETF,BSE SENSEX TRI,2017-06-30,2020-05-31,36,0.9828,0.8473,-0.1355,1.1682,-0.2903,-1.4585
BANDHAN BSE Sensex ETF,BSE SENSEX TRI,2017-07-31,2020-06-30,36,0.9833,0.8558,-0.1275,1.0111,0.3525,-0.6586
BANDHAN BSE Sensex ETF,BSE SENSEX TRI,2017-08-31,2020-07-31,36,0.9842,0.8656,-0.1186,1.0437,1.2581,0.2144
BANDHAN BSE Sensex ETF,BSE SENSEX TRI,2017-09-30,2020-08-31,36,0.984,0.8626,-0.1214,1.0268,1.4908,0.464
BANDHAN BSE Sensex ETF,BSE SENSEX TRI,2017-10-31,2020-09-30,36,0.9839,0.8635,-0.1204,1.0319,1.0788,0.0469
BANDHAN BSE Sensex ETF,BSE SENSEX TRI,2017-11-30,2020-10-31,36,0.984,0.8648,-0.1192,1.044,1.7345,0.6905
BANDHAN BSE Sensex ETF,BSE SENSEX TRI,2017-12-31,2020-11-30,36,0.9829,0.8707,-0.1122,1.0259,0.9576,-0.0683
BANDHAN BSE Sensex ETF,BSE SENSEX TRI,2018-01-31,2020-12-31,36,0.9828,0.8771,-0.1057,1.0355,1.5752,0.5396
BANDHAN BSE Sensex ETF,BSE SENSEX TRI,2018-02-28,2021-01-31,36,0.9832,0.8735,-0.1096,1.0063,-0.1917,-1.1981
BANDHAN BSE Sensex ETF,BSE SENSEX TRI,2018-03-31,2021-02-28,36,0.9827,0.875,-0.1077,1.0636,1.0098,-0.0538
BANDHAN BSE Sensex ETF,BSE SENSEX TRI,2018-04-30,2021-03-31,36,0.9825,0.8726,-0.1099,1.0551,1.3325,0.2773
BANDHAN BSE Sensex ETF,BSE SENSEX TRI,2018-05-31,2021-04-30,36,0.9829,0.87,-0.1129,1.028,0.9175,-0.1105
BANDHAN BSE Sensex ETF,BSE SENSEX TRI,2018-06-30,2021-05-31,36,0.9834,0.8728,-0.1107,1.0103,0.8629,-0.1474
BANDHAN BSE Sensex ETF,BSE SENSEX TRI,2018-07-31,2021-06-30,36,0.9835,0.8727,-0.1108,1.0025,0.9561,-0.0464
BANDHAN BSE Sensex ETF,BSE SENSEX TRI,2018-08-31,2021-07-31,36,0.9829,0.8705,-0.1125,0.9704,0.5608,-0.4096
BANDHAN BSE Sensex ETF,BSE SENSEX TRI,2018-09-30,2021-08-31,36,0.9826,0.8783,-0.1043,0.9412,1.1011,0.1599
BANDHAN BSE Sensex ETF,BSE SENSEX TRI,2018-10-31,2021-09-30,36,0.982,0.8725,-0.1094,0.9649,1.6791,0.7142
BANDHAN BSE Sensex ETF,BSE SENSEX TRI,2018-11-30,2021-10-31,36,0.9821,0.8718,-0.1103,0.9605,1.0754,0.1149
BANDHAN BSE Sensex ETF,BSE SENSEX TRI,2018-12-31,2021-11-30,36,0.9825,0.8711,-0.1114,0.892,0.7261,-0.1659
BANDHAN BSE Sensex ETF,BSE SENSEX TRI,2019-01-31,2021-12-31,36,0.9825,0.8703,-0.1122,0.8684,1.2965,0.428
BANDHAN BSE Sensex ETF,BSE SENSEX TRI,2019-02-28,2022-01-31,36,0.9825,0.8711,-0.1114,0.8734,0.5674,-0.3059
BANDHAN BSE Sensex ETF,BSE SENSEX TRI,2019-03-31,2022-02-28,36,0.9824,0.8675,-0.1149,0.8824,1.1851,0.3027
BANDHAN BSE Sensex ETF,BSE SENSEX TRI,2019-04-30,2022-03-31,36,0.9805,0.8618,-0.1187,0.736,0.6499,-0.0862
BANDHAN BSE Sensex ETF,BSE SENSEX TRI,2019-05-31,2022-04-30,36,0.9809,0.8618,-0.1191,0.829,0.5989,-0.2301
BANDHAN BSE Sensex ETF,BSE SENSEX TRI,2019-06-30,2022-05-31,36,0.98,0.861,-0.119,0.9253,0.5946,-0.3306
BANDHAN BSE Sensex ETF,BSE SENSEX TRI,2019-07-31,2022-06-30,36,0.9809,0.8633,-0.1176,0.8076,0.4559,-0.3517
BANDHAN BSE Sensex ETF,BSE SENSEX TRI,2019-08-31,2022-07-31,36,0.9828,0.8703,-0.1125,0.8053,-0.253,-1.0583
BANDHAN BSE Sensex ETF,BSE SENSEX TRI,2019-09-30,2022-08-31,36,0.983,0.8694,-0.1136,0.8141,0.7945,-0.0196
BANDHAN BSE Sensex ETF,BSE SENSEX TRI,2019-10-31,2022-09-30,36,0.9835,0.8721,-0.1113,0.7755,0.0187,-0.7567
BANDHAN BSE Sensex ETF,BSE SENSEX TRI,2019-11-30,2022-10-31,36,0.9838,0.874,-0.1098,0.8079,0.2736,-0.5344
BANDHAN BSE Sensex ETF,BSE SENSEX TRI,2019-12-31,2022-11-30,36,0.9839,0.8748,-0.1091,0.8531,0.3662,-0.487
BANDHAN BSE Sensex ETF,BSE SENSEX TRI,2020-01-31,2022-12-31,36,0.9844,0.876,-0.1084,0.8037,0.168,-0.6357
BANDHAN BSE Sensex ETF,BSE SENSEX TRI,2020-02-29,2023-01-31,36,0.9845,0.8835,-0.101,0.7987,-0.659,-1.4577
BANDHAN BSE Sensex ETF,BSE SENSEX TRI,2020-03-31,2023-02-28,36,0.984,0.8759,-0.1081,0.8446,0.21,-0.6346
BANDHAN BSE Sensex ETF,BSE SENSEX TRI,2020-04-30,2023-03-31,36,0.9889,0.885,-0.104,0.6661,0.036,-0.6301
BANDHAN BSE Sensex ETF,BSE SENSEX TRI,2020-05-31,2023-04-30,36,0.992,0.9711,-0.0209,0.6657,-0.3886,-1.0543
BANDHAN BSE Sensex ETF,BSE SENSEX TRI,2020-06-30,2023-05-31,36,0.9932,0.9597,-0.0335,0.7069,1.0398,0.3328
BANDHAN BSE Sensex ETF,BSE SENSEX TRI,2020-07-31,2023-06-30,36,0.9938,0.9472,-0.0466,0.7534,0.5798,-0.1737
BANDHAN BSE Sensex ETF,BSE SENSEX TRI,2020-08-31,2023-07-31,36,0.9915,0.9332,-0.0583,0.7147,0.189,-0.5257
BANDHAN BSE Sensex ETF,BSE SENSEX TRI,2020-09-30,2023-08-31,36,0.9906,0.9417,-0.0489,0.799,-0.0417,-0.8407
BANDHAN BSE Sensex ETF,BSE SENSEX TRI,2020-10-31,2023-09-30,36,0.9906,0.9377,-0.0529,0.7699,0.5111,-0.2588
BANDHAN BSE Sensex ETF,BSE SENSEX TRI,2020-11-30,2023-10-31,36,0.9903,0.9353,-0.055,0.7481,-0.1328,-0.8809
BANDHAN BSE Sensex ETF,BSE SENSEX TRI,2020-12-31,2023-11-30,36,0.9939,0.9334,-0.0605,0.7783,-0.3983,-1.1766
BANDHAN BSE Sensex ETF,BSE SENSEX TRI,2021-01-31,2023-12-31,36,0.9946,0.9281,-0.0664,0.7879,-0.5273,-1.3151
BANDHAN BSE Sensex ETF,BSE SENSEX TRI,2021-02-28,2024-01-31,36,0.9944,0.9346,-0.0598,0.7798,0.8302,0.0504
BANDHAN BSE Sensex ETF,BSE SENSEX TRI,2021-03-31,2024-02-29,36,0.9946,0.9174,-0.0772,0.7978,-0.5174,-1.3152
BANDHAN BSE Sensex ETF,BSE SENSEX TRI,2021-04-30,2024-03-31,36,0.9945,0.916,-0.0785,0.7919,-0.1935,-0.9854
BANDHAN BSE Sensex ETF,BSE SENSEX TRI,2021-05-31,2024-04-30,36,0.9941,0.9149,-0.0792,0.7864,0.0041,-0.7823
BANDHAN BSE Sensex ETF,BSE SENSEX TRI,2021-06-30,2024-05-31,36,0.9923,0.911,-0.0812,0.8676,-0.2539,-1.1215
BANDHAN BSE Sensex ETF,BSE SENSEX TRI,2021-07-31,2024-06-30,36,0.9939,0.9146,-0.0793,0.8574,-0.3214,-1.1788
BANDHAN BSE Sensex ETF,BSE SENSEX TRI,2021-08-31,2024-07-31,36,0.994,0.9145,-0.0794,0.8349,-0.1803,-1.0152
BANDHAN BSE Sensex ETF,BSE SENSEX TRI,2021-09-30,2024-08-31,36,0.9967,0.891,-0.1057,0.8943,-0.5411,-1.4355
BANDHAN BSE Sensex ETF,BSE SENSEX TRI,2021-10-31,2024-09-30,36,0.9967,0.8908,-0.1059,0.887,-0.5265,-1.4135
BANDHAN BSE Sensex ETF,BSE SENSEX TRI,2021-11-30,2024-10-31,36,0.9964,0.9034,-0.0931,0.8806,-0.2565,-1.1371
BANDHAN BSE Sensex ETF,BSE SENSEX TRI,2021-12-31,2024-11-30,36,0.9957,0.8995,-0.0962,0.8875,0.1399,-0.7475
BANDHAN BSE Sensex ETF,BSE SENSEX TRI,2022-01-31,2024-12-31,36,0.9967,0.9031,-0.0936,0.8844,-0.4457,-1.3301
BANDHAN BSE Sensex ETF,BSE SENSEX TRI,2022-02-28,2025-01-31,36,0.9969,0.9039,-0.093,0.8747,0.0914,-0.7833
BANDHAN BSE Sensex ETF,BSE SENSEX TRI,2022-03-31,2025-02-28,36,0.9975,0.9177,-0.0798,0.8459,-0.4227,-1.2685
BANDHAN BSE Sensex ETF,BSE SENSEX TRI,2022-04-30,2025-03-31,36,0.9977,0.9339,-0.0637,0.8713,0.2158,-0.6556
BANDHAN BSE Sensex ETF,BSE SENSEX TRI,2022-05-31,2025-04-30,36,0.9967,0.9284,-0.0683,0.8799,-0.2316,-1.1115
BANDHAN BSE Sensex ETF,BSE SENSEX TRI,2022-06-30,2025-05-31,36,0.9996,0.9332,-0.0664,0.7856,-0.5004,-1.286
BANDHAN BSE Sensex ETF,BSE SENSEX TRI,2022-07-31,2025-06-30,36,0.9996,0.9278,-0.0718,0.8752,-0.4234,-1.2985
BANDHAN BSE Sensex ETF,BSE SENSEX TRI,2022-08-31,2025-07-31,36,0.9979,0.9384,-0.0595,0.8762,-0.04,-0.9162
BANDHAN BSE Sensex ETF,BSE SENSEX TRI,2022-09-30,2025-08-31,36,0.9974,0.9403,-0.0571,0.8809,-1.4363,-2.3171
BANDHAN BSE Sensex ETF,BSE SENSEX TRI,2022-10-31,2025-09-30,36,0.9965,0.9309,-0.0655,0.8866,-1.0672,-1.9538
BANDHAN BSE Sensex ETF,BSE SENSEX TRI,2022-11-30,2025-10-31,36,0.9963,0.9383,-0.0579,0.8852,-0.7183,-1.6035
BANDHAN BSE Sensex ETF,BSE SENSEX TRI,2022-12-31,2025-11-30,36,0.9961,0.9358,-0.0603,0.8688,-0.7178,-1.5866
BANDHAN BSE Sensex ETF,BSE SENSEX TRI,2023-01-31,2025-12-31,36,0.9953,0.9368,-0.0584,0.8698,-0.8667,-1.7365
BANDHAN BSE Sensex ETF,BSE SENSEX TRI,2023-02-28,2026-01-31,36,0.9958,0.9215,-0.0743,0.8618,-0.483,-1.3448
BANDHAN BSE Sensex ETF,BSE SENSEX TRI,2023-03-31,2026-02-28,36,0.9964,0.9191,-0.0773,0.8211,-1.2801,-2.1013
BANDHAN BSE Sensex ETF,BSE SENSEX TRI,2023-04-30,2026-03-31,36,0.9994,0.9709,-0.0286,0.8015,-2.4915,-3.2929
BANDHAN BSE Sensex ETF,BSE SENSEX TRI,2023-05-31,2026-04-30,36,0.9952,0.9824,-0.0128,0.7041,-2.1325,-2.8366
BANDHAN BSE Sensex ETF,BSE SENSEX TRI,2023-06-30,2026-05-31,36,0.9507,0.9384,-0.0122,3.057,0.194,-2.863
BANDHAN BSE Sensex ETF,BSE SENSEX TRI,2023-07-31,2026-06-30,36,0.9186,0.9484,0.0297,-0.2677,-2.2577,-1.99
ICICI Prudential BSE 500 ETF,BSE 500 TRI,2018-02-28,2021-01-31,36,0.937,0.8597,-0.0773,3.9659,1.6391,-2.3268
ICICI Prudential BSE 500 ETF,BSE 500 TRI,2018-03-31,2021-02-28,36,0.9562,0.8843,-0.0719,2.1743,0.7846,-1.3897
ICICI Prudential BSE 500 ETF,BSE 500 TRI,2018-04-30,2021-03-31,36,0.9747,0.8981,-0.0766,0.043,-0.9905,-1.0335
ICICI Prudential BSE 500 ETF,BSE 500 TRI,2018-05-31,2021-04-30,36,0.9988,0.9159,-0.0829,2.0866,1.3007,-0.7859
ICICI Prudential BSE 500 ETF,BSE 500 TRI,2018-06-30,2021-05-31,36,1.0002,0.92,-0.0802,1.7982,1.0585,-0.7396
ICICI Prudential BSE 500 ETF,BSE 500 TRI,2018-07-31,2021-06-30,36,0.9999,0.9188,-0.0811,1.8487,1.4227,-0.4259
ICICI Prudential BSE 500 ETF,BSE 500 TRI,2018-08-31,2021-07-31,36,0.9927,0.9116,-0.0811,1.0373,0.4589,-0.5784
ICICI Prudential BSE 500 ETF,BSE 500 TRI,2018-09-30,2021-08-31,36,0.9927,0.9129,-0.0797,1.0312,0.5734,-0.4578
ICICI Prudential BSE 500 ETF,BSE 500 TRI,2018-10-31,2021-09-30,36,0.9935,0.9061,-0.0874,0.9827,1.1695,0.1868
ICICI Prudential BSE 500 ETF,BSE 500 TRI,2018-11-30,2021-10-31,36,0.994,0.9059,-0.0881,0.938,0.6205,-0.3175
ICICI Prudential BSE 500 ETF,BSE 500 TRI,2018-12-31,2021-11-30,36,1.2757,1.1773,-0.0983,-27.4982,-28.0721,-0.5739
ICICI Prudential BSE 500 ETF,BSE 500 TRI,2019-01-31,2021-12-31,36,1.2783,1.1779,-0.1004,-27.6188,-27.826,-0.2072
ICICI Prudential BSE 500 ETF,BSE 500 TRI,2019-02-28,2022-01-31,36,1.2822,1.1829,-0.0993,-27.7726,-28.2453,-0.4727
ICICI Prudential BSE 500 ETF,BSE 500 TRI,2019-03-31,2022-02-28,36,1.2706,1.1647,-0.1059,-27.4165,-27.4279,-0.0113
ICICI Prudential BSE 500 ETF,BSE 500 TRI,2019-04-30,2022-03-31,36,1.2688,1.16,-0.1088,-27.2957,-27.659,-0.3633
ICICI Prudential BSE 500 ETF,BSE 500 TRI,2019-05-31,2022-04-30,36,1.2659,1.1541,-0.1118,-27.0525,-27.2772,-0.2247
ICICI Prudential BSE 500 ETF,BSE 500 TRI,2019-06-30,2022-05-31,36,1.2488,1.141,-0.1078,-26.5135,-26.8927,-0.3792
ICICI Prudential BSE 500 ETF,BSE 500 TRI,2019-07-31,2022-06-30,36,1.2368,1.1331,-0.1037,-26.2218,-26.652,-0.4302
ICICI Prudential BSE 500 ETF,BSE 500 TRI,2019-08-31,2022-07-31,36,1.2634,1.162,-0.1014,-27.472,-28.3672,-0.8953
ICICI Prudential BSE 500 ETF,BSE 500 TRI,2019-09-30,2022-08-31,36,1.2717,1.1653,-0.1064,-27.9062,-27.6807,0.2255
ICICI Prudential BSE 500 ETF,BSE 500 TRI,2019-10-31,2022-09-30,36,1.2569,1.157,-0.0999,-27.2852,-27.8527,-0.5675
ICICI Prudential BSE 500 ETF,BSE 500 TRI,2019-11-30,2022-10-31,36,1.257,1.1578,-0.0992,-27.2911,-27.7372,-0.4461
ICICI Prudential BSE 500 ETF,BSE 500 TRI,2019-12-31,2022-11-30,36,1.26,1.1607,-0.0993,-27.4315,-27.7446,-0.3131
ICICI Prudential BSE 500 ETF,BSE 500 TRI,2020-01-31,2022-12-31,36,1.2506,1.1514,-0.0992,-27.1029,-27.3742,-0.2713
ICICI Prudential BSE 500 ETF,BSE 500 TRI,2020-02-29,2023-01-31,36,1.2422,1.1543,-0.0879,-26.8277,-27.9104,-1.0827
ICICI Prudential BSE 500 ETF,BSE 500 TRI,2020-03-31,2023-02-28,36,1.2553,1.1544,-0.1009,-27.1579,-27.7622,-0.6043
ICICI Prudential BSE 500 ETF,BSE 500 TRI,2020-04-30,2023-03-31,36,1.5396,1.4408,-0.0988,-32.8664,-33.7023,-0.8359
ICICI Prudential BSE 500 ETF,BSE 500 TRI,2020-05-31,2023-04-30,36,1.6296,1.6628,0.0333,-32.6122,-34.088,-1.4757
ICICI Prudential BSE 500 ETF,BSE 500 TRI,2020-06-30,2023-05-31,36,1.6681,1.6694,0.0013,-33.9465,-34.1565,-0.21
ICICI Prudential BSE 500 ETF,BSE 500 TRI,2020-07-31,2023-06-30,36,1.6902,1.6662,-0.024,-33.5326,-34.1428,-0.6102
ICICI Prudential BSE 500 ETF,BSE 500 TRI,2020-08-31,2023-07-31,36,1.6995,1.6631,-0.0365,-33.2087,-34.0852,-0.8765
ICICI Prudential BSE 500 ETF,BSE 500 TRI,2020-09-30,2023-08-31,36,1.6775,1.6573,-0.0202,-32.208,-33.4174,-1.2094
ICICI Prudential BSE 500 ETF,BSE 500 TRI,2020-10-31,2023-09-30,36,1.6912,1.6618,-0.0294,-32.736,-33.3336,-0.5976
ICICI Prudential BSE 500 ETF,BSE 500 TRI,2020-11-30,2023-10-31,36,1.6471,1.6185,-0.0286,-31.4526,-32.3898,-0.9372
ICICI Prudential BSE 500 ETF,BSE 500 TRI,2020-12-31,2023-11-30,36,1.7147,1.7073,-0.0075,-31.286,-32.4996,-1.2135
ICICI Prudential BSE 500 ETF,BSE 500 TRI,2021-01-31,2023-12-31,36,1.711,1.6993,-0.0117,-31.3034,-32.5928,-1.2894
ICICI Prudential BSE 500 ETF,BSE 500 TRI,2021-02-28,2024-01-31,36,1.7415,1.6994,-0.0421,-32.2161,-31.7022,0.5139
ICICI Prudential BSE 500 ETF,BSE 500 TRI,2021-03-31,2024-02-29,36,1.7678,1.683,-0.0847,-31.3456,-32.1455,-0.8
ICICI Prudential BSE 500 ETF,BSE 500 TRI,2021-04-30,2024-03-31,36,1.7657,1.6817,-0.084,-31.2823,-32.1398,-0.8574
ICICI Prudential BSE 500 ETF,BSE 500 TRI,2021-05-31,2024-04-30,36,1.7754,1.7106,-0.0648,-31.9129,-33.0387,-1.1258
ICICI Prudential BSE 500 ETF,BSE 500 TRI,2021-06-30,2024-05-31,36,1.7905,1.7191,-0.0714,-30.8488,-32.08,-1.2313
ICICI Prudential BSE 500 ETF,BSE 500 TRI,2021-07-31,2024-06-30,36,1.7687,1.6849,-0.0838,-31.5902,-32.9335,-1.3433
ICICI Prudential BSE 500 ETF,BSE 500 TRI,2021-08-31,2024-07-31,36,1.7711,1.6915,-0.0796,-32.1599,-33.0271,-0.8672
ICICI Prudential BSE 500 ETF,BSE 500 TRI,2021-09-30,2024-08-31,36,1.7821,1.698,-0.0841,-31.1714,-32.2605,-1.0892
ICICI Prudential BSE 500 ETF,BSE 500 TRI,2021-10-31,2024-09-30,36,1.7809,1.696,-0.0849,-30.9497,-32.1645,-1.2148
ICICI Prudential BSE 500 ETF,BSE 500 TRI,2021-11-30,2024-10-31,36,1.6664,1.6104,-0.056,-28.9975,-30.0053,-1.0078
ICICI Prudential BSE 500 ETF,BSE 500 TRI,2021-12-31,2024-11-30,36,1.0006,0.9356,-0.0651,0.9775,0.5597,-0.4178
ICICI Prudential BSE 500 ETF,BSE 500 TRI,2022-01-31,2024-12-31,36,1.0012,0.9382,-0.0631,0.9527,-0.0141,-0.9668
ICICI Prudential BSE 500 ETF,BSE 500 TRI,2022-02-28,2025-01-31,36,1.0014,0.9359,-0.0655,0.9666,0.4763,-0.4903
ICICI Prudential BSE 500 ETF,BSE 500 TRI,2022-03-31,2025-02-28,36,1.0017,0.9512,-0.0505,0.9467,-0.0909,-1.0377
ICICI Prudential BSE 500 ETF,BSE 500 TRI,2022-04-30,2025-03-31,36,1.001,0.9698,-0.0312,0.9406,0.6357,-0.3049
ICICI Prudential BSE 500 ETF,BSE 500 TRI,2022-05-31,2025-04-30,36,1.0006,0.9694,-0.0312,0.9341,-0.2327,-1.1669
ICICI Prudential BSE 500 ETF,BSE 500 TRI,2022-06-30,2025-05-31,36,1.0028,0.9708,-0.032,0.8535,-0.3078,-1.1613
ICICI Prudential BSE 500 ETF,BSE 500 TRI,2022-07-31,2025-06-30,36,1.0042,0.9658,-0.0384,0.8532,-0.0785,-0.9316
ICICI Prudential BSE 500 ETF,BSE 500 TRI,2022-08-31,2025-07-31,36,1.0029,0.9744,-0.0284,0.8747,0.4727,-0.402
ICICI Prudential BSE 500 ETF,BSE 500 TRI,2022-09-30,2025-08-31,36,1.0018,0.9727,-0.0291,0.8889,-0.9354,-1.8243
ICICI Prudential BSE 500 ETF,BSE 500 TRI,2022-10-31,2025-09-30,36,1.0013,0.9667,-0.0345,0.8875,-0.5109,-1.3985
ICICI Prudential BSE 500 ETF,BSE 500 TRI,2022-11-30,2025-10-31,36,1.0011,0.9749,-0.0262,0.8822,-0.0887,-0.9709
ICICI Prudential BSE 500 ETF,BSE 500 TRI,2022-12-31,2025-11-30,36,1.001,0.9732,-0.0278,0.8695,-0.2325,-1.102
ICICI Prudential BSE 500 ETF,BSE 500 TRI,2023-01-31,2025-12-31,36,1.0004,0.9759,-0.0245,0.8731,-0.3999,-1.273
ICICI Prudential BSE 500 ETF,BSE 500 TRI,2023-02-28,2026-01-31,36,1.0005,0.9547,-0.0458,0.8725,0.3054,-0.5671
ICICI Prudential BSE 500 ETF,BSE 500 TRI,2023-03-31,2026-02-28,36,1.0012,0.9412,-0.06,0.8306,0.3515,-0.4791
ICICI Prudential BSE 500 ETF,BSE 500 TRI,2023-04-30,2026-03-31,36,1.0022,0.9869,-0.0153,0.8289,-1.1438,-1.9726
ICICI Prudential BSE 500 ETF,BSE 500 TRI,2023-05-31,2026-04-30,36,0.9944,1.0044,0.0101,0.7052,-0.8049,-1.5101
ICICI Prudential BSE 500 ETF,BSE 500 TRI,2023-06-30,2026-05-31,36,0.992,0.9986,0.0066,0.9443,-0.2152,-1.1595
ICICI Prudential BSE 500 ETF,BSE 500 TRI,2023-07-31,2026-06-30,36,0.985,1.0076,0.0225,-1.7765,-2.4879,-0.7113
DSP BSE Sensex ETF,BSE SENSEX TRI,2023-02-28,2026-01-31,36,0.9744,0.9016,-0.0728,-3.1978,-4.4646,-1.2668
DSP BSE Sensex ETF,BSE SENSEX TRI,2023-03-31,2026-02-28,36,0.952,0.8791,-0.0729,-1.7408,-3.7095,-1.9687
DSP BSE Sensex ETF,BSE SENSEX TRI,2023-04-30,2026-03-31,36,0.9619,0.9357,-0.0262,-2.0579,-5.1525,-3.0946
DSP BSE Sensex ETF,BSE SENSEX TRI,2023-05-31,2026-04-30,36,0.9431,0.9284,-0.0147,-3.177,-5.7576,-2.5806
DSP BSE Sensex ETF,BSE SENSEX TRI,2023-06-30,2026-05-31,36,0.9041,0.8898,-0.0143,-0.3063,-2.9388,-2.6325
DSP BSE Sensex ETF,BSE SENSEX TRI,2023-07-31,2026-06-30,36,0.887,0.9157,0.0287,-2.5623,-4.4438,-1.8815
Nippon India ETF BSE Sensex,BSE SENSEX TRI,2016-07-31,2019-06-30,36,1.0026,0.9427,-0.06,1.1321,1.0818,-0.0504
Nippon India ETF BSE Sensex,BSE SENSEX TRI,2016-08-31,2019-07-31,36,0.9998,0.91,-0.0898,1.193,1.8444,0.6514
Nippon India ETF BSE Sensex,BSE SENSEX TRI,2016-09-30,2019-08-31,36,0.9997,0.9108,-0.0889,1.2111,1.5885,0.3774
Nippon India ETF BSE Sensex,BSE SENSEX TRI,2016-10-31,2019-09-30,36,0.9989,0.9105,-0.0884,1.1851,1.9705,0.7854
Nippon India ETF BSE Sensex,BSE SENSEX TRI,2016-11-30,2019-10-31,36,0.9989,0.9052,-0.0938,1.187,1.787,0.6
Nippon India ETF BSE Sensex,BSE SENSEX TRI,2016-12-31,2019-11-30,36,0.9988,0.903,-0.0958,1.1537,1.935,0.7813
Nippon India ETF BSE Sensex,BSE SENSEX TRI,2017-01-31,2019-12-31,36,0.9985,0.9024,-0.0962,1.1463,1.9958,0.8495
Nippon India ETF BSE Sensex,BSE SENSEX TRI,2017-02-28,2020-01-31,36,0.9996,0.9021,-0.0975,1.1441,3.565,2.4208
Nippon India ETF BSE Sensex,BSE SENSEX TRI,2017-03-31,2020-02-29,36,1.0008,0.9222,-0.0786,1.1281,2.1465,1.0184
Nippon India ETF BSE Sensex,BSE SENSEX TRI,2017-04-30,2020-03-31,36,0.997,0.8989,-0.0981,1.157,2.2065,1.0495
Nippon India ETF BSE Sensex,BSE SENSEX TRI,2017-05-31,2020-04-30,36,0.9959,0.8593,-0.1366,1.159,1.2532,0.0942
Nippon India ETF BSE Sensex,BSE SENSEX TRI,2017-06-30,2020-05-31,36,0.9962,0.859,-0.1372,1.1732,-0.3049,-1.4781
Nippon India ETF BSE Sensex,BSE SENSEX TRI,2017-07-31,2020-06-30,36,0.9962,0.8673,-0.1289,1.0363,0.3685,-0.6677
Nippon India ETF BSE Sensex,BSE SENSEX TRI,2017-08-31,2020-07-31,36,0.9974,0.8774,-0.12,1.0857,1.3028,0.2171
Nippon India ETF BSE Sensex,BSE SENSEX TRI,2017-09-30,2020-08-31,36,0.9974,0.8745,-0.1228,1.0906,1.5606,0.47
Nippon India ETF BSE Sensex,BSE SENSEX TRI,2017-10-31,2020-09-30,36,0.9974,0.8755,-0.1219,1.0781,1.125,0.0468
Nippon India ETF BSE Sensex,BSE SENSEX TRI,2017-11-30,2020-10-31,36,0.9976,0.8769,-0.1207,1.1062,1.8063,0.7002
Nippon India ETF BSE Sensex,BSE SENSEX TRI,2017-12-31,2020-11-30,36,0.9967,0.8831,-0.1136,1.0903,1.0197,-0.0706
Nippon India ETF BSE Sensex,BSE SENSEX TRI,2018-01-31,2020-12-31,36,0.9964,0.8895,-0.1069,1.0965,1.6422,0.5456
Nippon India ETF BSE Sensex,BSE SENSEX TRI,2018-02-28,2021-01-31,36,0.9969,0.886,-0.1109,1.087,-0.1307,-1.2177
Nippon India ETF BSE Sensex,BSE SENSEX TRI,2018-03-31,2021-02-28,36,0.9968,0.8878,-0.109,1.1206,1.0633,-0.0573
Nippon India ETF BSE Sensex,BSE SENSEX TRI,2018-04-30,2021-03-31,36,0.9968,0.8856,-0.1113,1.0952,1.3739,0.2787
Nippon India ETF BSE Sensex,BSE SENSEX TRI,2018-05-31,2021-04-30,36,0.9973,0.883,-0.1143,1.0943,0.9801,-0.1141
Nippon India ETF BSE Sensex,BSE SENSEX TRI,2018-06-30,2021-05-31,36,0.9978,0.8858,-0.1121,1.0791,0.9271,-0.152
Nippon India ETF BSE Sensex,BSE SENSEX TRI,2018-07-31,2021-06-30,36,0.9979,0.8857,-0.1122,1.0865,1.0369,-0.0495
Nippon India ETF BSE Sensex,BSE SENSEX TRI,2018-08-31,2021-07-31,36,0.9976,0.8836,-0.1139,1.0819,0.6638,-0.4181
Nippon India ETF BSE Sensex,BSE SENSEX TRI,2018-09-30,2021-08-31,36,0.997,0.8913,-0.1056,1.0467,1.2064,0.1597
Nippon India ETF BSE Sensex,BSE SENSEX TRI,2018-10-31,2021-09-30,36,0.9967,0.8858,-0.1108,1.0496,1.7719,0.7224
Nippon India ETF BSE Sensex,BSE SENSEX TRI,2018-11-30,2021-10-31,36,0.9966,0.8849,-0.1117,1.0661,1.1786,0.1125
Nippon India ETF BSE Sensex,BSE SENSEX TRI,2018-12-31,2021-11-30,36,0.997,0.8842,-0.1128,1.022,0.8503,-0.1716
Nippon India ETF BSE Sensex,BSE SENSEX TRI,2019-01-31,2021-12-31,36,0.9969,0.8833,-0.1136,1.0133,1.4451,0.4318
Nippon India ETF BSE Sensex,BSE SENSEX TRI,2019-02-28,2022-01-31,36,0.9969,0.8842,-0.1128,1.0187,0.7046,-0.3141
Nippon India ETF BSE Sensex,BSE SENSEX TRI,2019-03-31,2022-02-28,36,0.9968,0.8804,-0.1164,1.0347,1.3395,0.3049
Nippon India ETF BSE Sensex,BSE SENSEX TRI,2019-04-30,2022-03-31,36,0.995,0.8748,-0.1202,0.904,0.8135,-0.0905
Nippon India ETF BSE Sensex,BSE SENSEX TRI,2019-05-31,2022-04-30,36,0.9951,0.8746,-0.1206,1.0256,0.7895,-0.2361
Nippon India ETF BSE Sensex,BSE SENSEX TRI,2019-06-30,2022-05-31,36,0.9942,0.8737,-0.1205,1.1319,0.794,-0.3379
Nippon India ETF BSE Sensex,BSE SENSEX TRI,2019-07-31,2022-06-30,36,0.9944,0.8754,-0.119,1.0804,0.7212,-0.3593
Nippon India ETF BSE Sensex,BSE SENSEX TRI,2019-08-31,2022-07-31,36,0.9954,0.8816,-0.1138,1.0375,-0.0379,-1.0754
Nippon India ETF BSE Sensex,BSE SENSEX TRI,2019-09-30,2022-08-31,36,0.9956,0.8807,-0.1149,1.0462,1.0249,-0.0212
Nippon India ETF BSE Sensex,BSE SENSEX TRI,2019-10-31,2022-09-30,36,0.996,0.8834,-0.1127,1.0398,0.2704,-0.7694
Nippon India ETF BSE Sensex,BSE SENSEX TRI,2019-11-30,2022-10-31,36,0.9962,0.8851,-0.1111,1.05,0.5067,-0.5434
Nippon India ETF BSE Sensex,BSE SENSEX TRI,2019-12-31,2022-11-30,36,0.9961,0.8858,-0.1103,1.0752,0.5799,-0.4954
Nippon India ETF BSE Sensex,BSE SENSEX TRI,2020-01-31,2022-12-31,36,0.9965,0.8869,-0.1096,1.0721,0.426,-0.6461
Nippon India ETF BSE Sensex,BSE SENSEX TRI,2020-02-29,2023-01-31,36,0.9965,0.8944,-0.1021,1.0739,-0.4064,-1.4804
Nippon India ETF BSE Sensex,BSE SENSEX TRI,2020-03-31,2023-02-28,36,0.996,0.8867,-0.1093,1.1217,0.4765,-0.6453
Nippon India ETF BSE Sensex,BSE SENSEX TRI,2020-04-30,2023-03-31,36,0.9979,0.8928,-0.1051,1.0349,0.4016,-0.6333
Nippon India ETF BSE Sensex,BSE SENSEX TRI,2020-05-31,2023-04-30,36,0.9996,0.9775,-0.0221,1.0252,-0.0233,-1.0484
Nippon India ETF BSE Sensex,BSE SENSEX TRI,2020-06-30,2023-05-31,36,0.9999,0.9656,-0.0343,1.115,1.4612,0.3461
Nippon India ETF BSE Sensex,BSE SENSEX TRI,2020-07-31,2023-06-30,36,1.0009,0.9533,-0.0476,1.1662,1.0019,-0.1643
Nippon India ETF BSE Sensex,BSE SENSEX TRI,2020-08-31,2023-07-31,36,0.998,0.9387,-0.0592,1.1207,0.5986,-0.5221
Nippon India ETF BSE Sensex,BSE SENSEX TRI,2020-09-30,2023-08-31,36,0.9969,0.947,-0.0499,1.1928,0.3528,-0.84
Nippon India ETF BSE Sensex,BSE SENSEX TRI,2020-10-31,2023-09-30,36,0.9964,0.9426,-0.0538,1.1934,0.9401,-0.2533
Nippon India ETF BSE Sensex,BSE SENSEX TRI,2020-11-30,2023-10-31,36,0.996,0.9402,-0.0558,1.1693,0.286,-0.8834
Nippon India ETF BSE Sensex,BSE SENSEX TRI,2020-12-31,2023-11-30,36,0.9981,0.9365,-0.0616,1.1865,0.0093,-1.1772
Nippon India ETF BSE Sensex,BSE SENSEX TRI,2021-01-31,2023-12-31,36,0.9982,0.9307,-0.0674,1.1871,-0.1294,-1.3165
Nippon India ETF BSE Sensex,BSE SENSEX TRI,2021-02-28,2024-01-31,36,0.9977,0.9373,-0.0604,1.196,1.2511,0.0551
Nippon India ETF BSE Sensex,BSE SENSEX TRI,2021-03-31,2024-02-29,36,0.9973,0.9197,-0.0776,1.1938,-0.1277,-1.3215
Nippon India ETF BSE Sensex,BSE SENSEX TRI,2021-04-30,2024-03-31,36,0.9972,0.9183,-0.0789,1.1919,0.2024,-0.9895
Nippon India ETF BSE Sensex,BSE SENSEX TRI,2021-05-31,2024-04-30,36,0.9967,0.9171,-0.0796,1.1917,0.4069,-0.7848
Nippon India ETF BSE Sensex,BSE SENSEX TRI,2021-06-30,2024-05-31,36,0.9943,0.9127,-0.0816,1.2609,0.135,-1.1258
Nippon India ETF BSE Sensex,BSE SENSEX TRI,2021-07-31,2024-06-30,36,0.996,0.9163,-0.0796,1.2521,0.0689,-1.1832
Nippon India ETF BSE Sensex,BSE SENSEX TRI,2021-08-31,2024-07-31,36,0.996,0.9162,-0.0798,1.2324,0.2138,-1.0186
Nippon India ETF BSE Sensex,BSE SENSEX TRI,2021-09-30,2024-08-31,36,0.998,0.892,-0.1059,1.2811,-0.1604,-1.4415
Nippon India ETF BSE Sensex,BSE SENSEX TRI,2021-10-31,2024-09-30,36,0.9979,0.8918,-0.1062,1.2705,-0.1489,-1.4194
Nippon India ETF BSE Sensex,BSE SENSEX TRI,2021-11-30,2024-10-31,36,0.9979,0.9047,-0.0933,1.2578,0.1156,-1.1422
Nippon India ETF BSE Sensex,BSE SENSEX TRI,2021-12-31,2024-11-30,36,0.9968,0.9003,-0.0964,1.2819,0.5318,-0.7501
Nippon India ETF BSE Sensex,BSE SENSEX TRI,2022-01-31,2024-12-31,36,0.9979,0.904,-0.0939,1.264,-0.0716,-1.3356
Nippon India ETF BSE Sensex,BSE SENSEX TRI,2022-02-28,2025-01-31,36,0.9979,0.9048,-0.0931,1.2692,0.4822,-0.787
Nippon India ETF BSE Sensex,BSE SENSEX TRI,2022-03-31,2025-02-28,36,0.9984,0.9184,-0.08,1.2513,-0.0225,-1.2738
Nippon India ETF BSE Sensex,BSE SENSEX TRI,2022-04-30,2025-03-31,36,0.9981,0.934,-0.0641,1.2556,0.599,-0.6566
Nippon India ETF BSE Sensex,BSE SENSEX TRI,2022-05-31,2025-04-30,36,0.9972,0.9286,-0.0686,1.2563,0.1428,-1.1135
Nippon India ETF BSE Sensex,BSE SENSEX TRI,2022-06-30,2025-05-31,36,0.9999,0.9331,-0.0668,1.1704,-0.1174,-1.2878
Nippon India ETF BSE Sensex,BSE SENSEX TRI,2022-07-31,2025-06-30,36,1.0011,0.9288,-0.0722,1.2221,-0.0781,-1.3002
Nippon India ETF BSE Sensex,BSE SENSEX TRI,2022-08-31,2025-07-31,36,1.0007,0.9409,-0.0598,1.2393,0.3186,-0.9207
Nippon India ETF BSE Sensex,BSE SENSEX TRI,2022-09-30,2025-08-31,36,1.0,0.9428,-0.0572,1.2389,-1.0918,-2.3307
Nippon India ETF BSE Sensex,BSE SENSEX TRI,2022-10-31,2025-09-30,36,0.999,0.9333,-0.0657,1.2452,-0.72,-1.9652
Nippon India ETF BSE Sensex,BSE SENSEX TRI,2022-11-30,2025-10-31,36,0.9989,0.9408,-0.0581,1.2437,-0.3694,-1.6131
Nippon India ETF BSE Sensex,BSE SENSEX TRI,2022-12-31,2025-11-30,36,0.999,0.9386,-0.0605,1.2363,-0.3603,-1.5966
Nippon India ETF BSE Sensex,BSE SENSEX TRI,2023-01-31,2025-12-31,36,0.998,0.9395,-0.0586,1.2425,-0.5047,-1.7472
Nippon India ETF BSE Sensex,BSE SENSEX TRI,2023-02-28,2026-01-31,36,0.9984,0.9239,-0.0745,1.238,-0.1147,-1.3527
Nippon India ETF BSE Sensex,BSE SENSEX TRI,2023-03-31,2026-02-28,36,0.999,0.9215,-0.0775,1.2017,-0.9119,-2.1136
Nippon India ETF BSE Sensex,BSE SENSEX TRI,2023-04-30,2026-03-31,36,1.0014,0.9728,-0.0286,1.1978,-2.1132,-3.311
Nippon India ETF BSE Sensex,BSE SENSEX TRI,2023-05-31,2026-04-30,36,0.9969,0.9841,-0.0128,1.0916,-1.7598,-2.8514
Nippon India ETF BSE Sensex,BSE SENSEX TRI,2023-06-30,2026-05-31,36,0.9527,0.9405,-0.0122,3.4247,0.5461,-2.8786
Nippon India ETF BSE Sensex,BSE SENSEX TRI,2023-07-31,2026-06-30,36,0.9206,0.9504,0.0298,0.0851,-1.9155,-2.0006
ICICI Prudential BSE Sensex ETF,BSE SENSEX TRI,2016-07-31,2019-06-30,36,0.9848,0.9259,-0.0589,1.1068,1.0576,-0.0492
ICICI Prudential BSE Sensex ETF,BSE SENSEX TRI,2016-08-31,2019-07-31,36,0.9831,0.8951,-0.088,1.1235,1.7621,0.6385
ICICI Prudential BSE Sensex ETF,BSE SENSEX TRI,2016-09-30,2019-08-31,36,0.983,0.8959,-0.0871,1.139,1.5085,0.3695
ICICI Prudential BSE Sensex ETF,BSE SENSEX TRI,2016-10-31,2019-09-30,36,0.9826,0.8959,-0.0867,1.1187,1.8892,0.7705
ICICI Prudential BSE Sensex ETF,BSE SENSEX TRI,2016-11-30,2019-10-31,36,0.9829,0.891,-0.0919,1.141,1.7284,0.5874
ICICI Prudential BSE Sensex ETF,BSE SENSEX TRI,2016-12-31,2019-11-30,36,0.9817,0.8879,-0.0938,1.1513,1.9158,0.7646
ICICI Prudential BSE Sensex ETF,BSE SENSEX TRI,2017-01-31,2019-12-31,36,0.9814,0.8873,-0.0942,1.1612,1.9927,0.8315
ICICI Prudential BSE Sensex ETF,BSE SENSEX TRI,2017-02-28,2020-01-31,36,0.9824,0.8869,-0.0955,1.1358,3.5124,2.3766
ICICI Prudential BSE Sensex ETF,BSE SENSEX TRI,2017-03-31,2020-02-29,36,0.985,0.9076,-0.0775,1.0713,2.0735,1.0022
ICICI Prudential BSE Sensex ETF,BSE SENSEX TRI,2017-04-30,2020-03-31,36,0.988,0.8911,-0.0969,1.038,2.0783,1.0403
ICICI Prudential BSE Sensex ETF,BSE SENSEX TRI,2017-05-31,2020-04-30,36,0.9886,0.8535,-0.1351,1.0819,1.1752,0.0933
ICICI Prudential BSE Sensex ETF,BSE SENSEX TRI,2017-06-30,2020-05-31,36,0.9889,0.8532,-0.1357,1.0992,-0.3668,-1.466
ICICI Prudential BSE Sensex ETF,BSE SENSEX TRI,2017-07-31,2020-06-30,36,0.9893,0.8616,-0.1277,0.9717,0.3085,-0.6632
ICICI Prudential BSE Sensex ETF,BSE SENSEX TRI,2017-08-31,2020-07-31,36,0.9908,0.872,-0.1188,1.0502,1.2653,0.2151
ICICI Prudential BSE Sensex ETF,BSE SENSEX TRI,2017-09-30,2020-08-31,36,0.991,0.8693,-0.1217,1.0297,1.4955,0.4657
ICICI Prudential BSE Sensex ETF,BSE SENSEX TRI,2017-10-31,2020-09-30,36,0.9912,0.8704,-0.1208,0.9999,1.0453,0.0454
ICICI Prudential BSE Sensex ETF,BSE SENSEX TRI,2017-11-30,2020-10-31,36,0.992,0.8723,-0.1197,1.0799,1.7754,0.6955
ICICI Prudential BSE Sensex ETF,BSE SENSEX TRI,2017-12-31,2020-11-30,36,0.9916,0.879,-0.1126,1.0742,1.0014,-0.0727
ICICI Prudential BSE Sensex ETF,BSE SENSEX TRI,2018-01-31,2020-12-31,36,0.9917,0.8856,-0.1061,1.1184,1.6591,0.5407
ICICI Prudential BSE Sensex ETF,BSE SENSEX TRI,2018-02-28,2021-01-31,36,0.9926,0.8824,-0.1102,1.1433,-0.0712,-1.2146
ICICI Prudential BSE Sensex ETF,BSE SENSEX TRI,2018-03-31,2021-02-28,36,0.9934,0.8849,-0.1085,1.128,1.0697,-0.0583
ICICI Prudential BSE Sensex ETF,BSE SENSEX TRI,2018-04-30,2021-03-31,36,0.9936,0.8828,-0.1108,1.0734,1.35,0.2766
ICICI Prudential BSE Sensex ETF,BSE SENSEX TRI,2018-05-31,2021-04-30,36,0.9944,0.8805,-0.1139,1.0808,0.9663,-0.1145
ICICI Prudential BSE Sensex ETF,BSE SENSEX TRI,2018-06-30,2021-05-31,36,0.995,0.8833,-0.1117,1.071,0.9186,-0.1524
ICICI Prudential BSE Sensex ETF,BSE SENSEX TRI,2018-07-31,2021-06-30,36,0.995,0.8832,-0.1118,1.0768,1.0265,-0.0503
ICICI Prudential BSE Sensex ETF,BSE SENSEX TRI,2018-08-31,2021-07-31,36,0.9954,0.8817,-0.1137,1.1306,0.7129,-0.4177
ICICI Prudential BSE Sensex ETF,BSE SENSEX TRI,2018-09-30,2021-08-31,36,0.9952,0.8897,-0.1055,1.1344,1.294,0.1597
ICICI Prudential BSE Sensex ETF,BSE SENSEX TRI,2018-10-31,2021-09-30,36,0.9952,0.8845,-0.1107,1.1143,1.8366,0.7223
ICICI Prudential BSE Sensex ETF,BSE SENSEX TRI,2018-11-30,2021-10-31,36,0.9955,0.8839,-0.1116,1.1026,1.2154,0.1128
ICICI Prudential BSE Sensex ETF,BSE SENSEX TRI,2018-12-31,2021-11-30,36,0.996,0.8832,-0.1127,1.0614,0.8903,-0.1711
ICICI Prudential BSE Sensex ETF,BSE SENSEX TRI,2019-01-31,2021-12-31,36,0.9959,0.8823,-0.1135,1.0558,1.4878,0.4319
ICICI Prudential BSE Sensex ETF,BSE SENSEX TRI,2019-02-28,2022-01-31,36,0.9959,0.8832,-0.1127,1.0662,0.7531,-0.3131
ICICI Prudential BSE Sensex ETF,BSE SENSEX TRI,2019-03-31,2022-02-28,36,0.9958,0.8794,-0.1163,1.0836,1.389,0.3055
ICICI Prudential BSE Sensex ETF,BSE SENSEX TRI,2019-04-30,2022-03-31,36,0.9942,0.874,-0.1202,0.9692,0.8795,-0.0897
ICICI Prudential BSE Sensex ETF,BSE SENSEX TRI,2019-05-31,2022-04-30,36,0.9943,0.8738,-0.1205,1.0856,0.8502,-0.2355
ICICI Prudential BSE Sensex ETF,BSE SENSEX TRI,2019-06-30,2022-05-31,36,0.9934,0.8729,-0.1205,1.1941,0.8568,-0.3373
ICICI Prudential BSE Sensex ETF,BSE SENSEX TRI,2019-07-31,2022-06-30,36,0.9936,0.8747,-0.1189,1.1376,0.7789,-0.3587
ICICI Prudential BSE Sensex ETF,BSE SENSEX TRI,2019-08-31,2022-07-31,36,0.9947,0.8809,-0.1138,1.1045,0.03,-1.0745
ICICI Prudential BSE Sensex ETF,BSE SENSEX TRI,2019-09-30,2022-08-31,36,0.9949,0.88,-0.1149,1.1162,1.0959,-0.0202
ICICI Prudential BSE Sensex ETF,BSE SENSEX TRI,2019-10-31,2022-09-30,36,0.9954,0.8828,-0.1127,1.1053,0.337,-0.7684
ICICI Prudential BSE Sensex ETF,BSE SENSEX TRI,2019-11-30,2022-10-31,36,0.9956,0.8845,-0.1111,1.1173,0.575,-0.5423
ICICI Prudential BSE Sensex ETF,BSE SENSEX TRI,2019-12-31,2022-11-30,36,0.9956,0.8852,-0.1104,1.1444,0.6502,-0.4942
ICICI Prudential BSE Sensex ETF,BSE SENSEX TRI,2020-01-31,2022-12-31,36,0.9959,0.8863,-0.1096,1.1324,0.4873,-0.6451
ICICI Prudential BSE Sensex ETF,BSE SENSEX TRI,2020-02-29,2023-01-31,36,0.996,0.8938,-0.1021,1.1343,-0.345,-1.4793
ICICI Prudential BSE Sensex ETF,BSE SENSEX TRI,2020-03-31,2023-02-28,36,0.9955,0.8861,-0.1093,1.1829,0.5388,-0.6442
ICICI Prudential BSE Sensex ETF,BSE SENSEX TRI,2020-04-30,2023-03-31,36,0.9988,0.8936,-0.1052,1.0496,0.4148,-0.6348
ICICI Prudential BSE Sensex ETF,BSE SENSEX TRI,2020-05-31,2023-04-30,36,1.0005,0.9784,-0.022,1.0394,-0.0112,-1.0506
ICICI Prudential BSE Sensex ETF,BSE SENSEX TRI,2020-06-30,2023-05-31,36,1.001,0.9666,-0.0344,1.1188,1.466,0.3472
ICICI Prudential BSE Sensex ETF,BSE SENSEX TRI,2020-07-31,2023-06-30,36,1.0021,0.9544,-0.0477,1.1721,1.0087,-0.1634
ICICI Prudential BSE Sensex ETF,BSE SENSEX TRI,2020-08-31,2023-07-31,36,0.9996,0.9402,-0.0595,1.1361,0.6155,-0.5207
ICICI Prudential BSE Sensex ETF,BSE SENSEX TRI,2020-09-30,2023-08-31,36,0.9988,0.9486,-0.0502,1.1935,0.3547,-0.8388
ICICI Prudential BSE Sensex ETF,BSE SENSEX TRI,2020-10-31,2023-09-30,36,0.9984,0.9443,-0.0541,1.1964,0.9456,-0.2508
ICICI Prudential BSE Sensex ETF,BSE SENSEX TRI,2020-11-30,2023-10-31,36,0.9979,0.9418,-0.0562,1.1781,0.2959,-0.8822
ICICI Prudential BSE Sensex ETF,BSE SENSEX TRI,2020-12-31,2023-11-30,36,1.0003,0.9383,-0.062,1.1961,0.0188,-1.1773
ICICI Prudential BSE Sensex ETF,BSE SENSEX TRI,2021-01-31,2023-12-31,36,1.0002,0.9324,-0.0678,1.1931,-0.1236,-1.3167
ICICI Prudential BSE Sensex ETF,BSE SENSEX TRI,2021-02-28,2024-01-31,36,0.9997,0.9389,-0.0608,1.2013,1.2593,0.0579
ICICI Prudential BSE Sensex ETF,BSE SENSEX TRI,2021-03-31,2024-02-29,36,0.9993,0.9213,-0.078,1.1985,-0.1231,-1.3216
ICICI Prudential BSE Sensex ETF,BSE SENSEX TRI,2021-04-30,2024-03-31,36,0.9992,0.9199,-0.0793,1.1972,0.2083,-0.9889
ICICI Prudential BSE Sensex ETF,BSE SENSEX TRI,2021-05-31,2024-04-30,36,0.9987,0.9187,-0.08,1.201,0.4174,-0.7836
ICICI Prudential BSE Sensex ETF,BSE SENSEX TRI,2021-06-30,2024-05-31,36,0.9963,0.9142,-0.0821,1.2732,0.1473,-1.1259
ICICI Prudential BSE Sensex ETF,BSE SENSEX TRI,2021-07-31,2024-06-30,36,0.9978,0.9178,-0.08,1.2625,0.0798,-1.1827
ICICI Prudential BSE Sensex ETF,BSE SENSEX TRI,2021-08-31,2024-07-31,36,0.9979,0.9177,-0.0802,1.2431,0.2256,-1.0175
ICICI Prudential BSE Sensex ETF,BSE SENSEX TRI,2021-09-30,2024-08-31,36,0.9993,0.893,-0.1063,1.2857,-0.1559,-1.4416
ICICI Prudential BSE Sensex ETF,BSE SENSEX TRI,2021-10-31,2024-09-30,36,0.9993,0.8928,-0.1065,1.2764,-0.1432,-1.4196
ICICI Prudential BSE Sensex ETF,BSE SENSEX TRI,2021-11-30,2024-10-31,36,0.9991,0.9056,-0.0936,1.2668,0.1243,-1.1425
ICICI Prudential BSE Sensex ETF,BSE SENSEX TRI,2021-12-31,2024-11-30,36,0.9979,0.9012,-0.0967,1.2926,0.5431,-0.7496
ICICI Prudential BSE Sensex ETF,BSE SENSEX TRI,2022-01-31,2024-12-31,36,0.999,0.9049,-0.0941,1.2754,-0.0606,-1.336
ICICI Prudential BSE Sensex ETF,BSE SENSEX TRI,2022-02-28,2025-01-31,36,0.999,0.9056,-0.0933,1.2825,0.4955,-0.787
ICICI Prudential BSE Sensex ETF,BSE SENSEX TRI,2022-03-31,2025-02-28,36,0.9995,0.9193,-0.0802,1.2604,-0.0144,-1.2747
ICICI Prudential BSE Sensex ETF,BSE SENSEX TRI,2022-04-30,2025-03-31,36,0.9991,0.9349,-0.0643,1.2591,0.6025,-0.6566
ICICI Prudential BSE Sensex ETF,BSE SENSEX TRI,2022-05-31,2025-04-30,36,0.9982,0.9294,-0.0688,1.2598,0.1463,-1.1135
ICICI Prudential BSE Sensex ETF,BSE SENSEX TRI,2022-06-30,2025-05-31,36,1.0009,0.9339,-0.067,1.1738,-0.1139,-1.2878
ICICI Prudential BSE Sensex ETF,BSE SENSEX TRI,2022-07-31,2025-06-30,36,1.0021,0.9296,-0.0725,1.224,-0.0757,-1.2997
ICICI Prudential BSE Sensex ETF,BSE SENSEX TRI,2022-08-31,2025-07-31,36,1.0015,0.9415,-0.06,1.2408,0.321,-0.9198
ICICI Prudential BSE Sensex ETF,BSE SENSEX TRI,2022-09-30,2025-08-31,36,1.0008,0.9433,-0.0574,1.2386,-1.0926,-2.3312
ICICI Prudential BSE Sensex ETF,BSE SENSEX TRI,2022-10-31,2025-09-30,36,0.9996,0.9338,-0.0659,1.2499,-0.7154,-1.9653
ICICI Prudential BSE Sensex ETF,BSE SENSEX TRI,2022-11-30,2025-10-31,36,0.9995,0.9412,-0.0582,1.2481,-0.3649,-1.613
ICICI Prudential BSE Sensex ETF,BSE SENSEX TRI,2022-12-31,2025-11-30,36,0.9996,0.939,-0.0606,1.2408,-0.3557,-1.5965
ICICI Prudential BSE Sensex ETF,BSE SENSEX TRI,2023-01-31,2025-12-31,36,0.9987,0.9399,-0.0588,1.2465,-0.5005,-1.747
ICICI Prudential BSE Sensex ETF,BSE SENSEX TRI,2023-02-28,2026-01-31,36,0.999,0.9243,-0.0747,1.2419,-0.1105,-1.3524
ICICI Prudential BSE Sensex ETF,BSE SENSEX TRI,2023-03-31,2026-02-28,36,0.9996,0.9219,-0.0777,1.2055,-0.9083,-2.1138
ICICI Prudential BSE Sensex ETF,BSE SENSEX TRI,2023-04-30,2026-03-31,36,1.0018,0.9731,-0.0288,1.2043,-2.1079,-3.3122
ICICI Prudential BSE Sensex ETF,BSE SENSEX TRI,2023-05-31,2026-04-30,36,0.9973,0.9844,-0.0129,1.0973,-1.7549,-2.8522
ICICI Prudential BSE Sensex ETF,BSE SENSEX TRI,2023-06-30,2026-05-31,36,0.9531,0.9408,-0.0123,3.4299,0.5503,-2.8796
ICICI Prudential BSE Sensex ETF,BSE SENSEX TRI,2023-07-31,2026-06-30,36,0.921,0.9507,0.0297,0.0895,-1.9118,-2.0013
Mirae Asset BSE Sensex ETF,BSE SENSEX TRI,2023-02-28,2026-01-31,36,0.943,0.8936,-0.0494,-2.9327,-4.313,-1.3804
Mirae Asset BSE Sensex ETF,BSE SENSEX TRI,2023-03-31,2026-02-28,36,0.9206,0.8708,-0.0498,-1.4709,-3.5459,-2.0751
Mirae Asset BSE Sensex ETF,BSE SENSEX TRI,2023-04-30,2026-03-31,36,0.9408,0.9303,-0.0105,-1.9365,-5.0417,-3.1052
Mirae Asset BSE Sensex ETF,BSE SENSEX TRI,2023-05-31,2026-04-30,36,0.9232,0.9231,-0.0001,-3.0411,-5.6485,-2.6074
Mirae Asset BSE Sensex ETF,BSE SENSEX TRI,2023-06-30,2026-05-31,36,0.8844,0.8845,0.0001,-0.1911,-2.8248,-2.6337
Mirae Asset BSE Sensex ETF,BSE SENSEX TRI,2023-07-31,2026-06-30,36,0.867,0.9104,0.0434,-2.468,-4.3495,-1.8815
Kotak BSE Sensex ETF,BSE SENSEX TRI,2016-07-31,2019-06-30,36,0.9918,0.9346,-0.0571,0.1635,0.0963,-0.0672
Kotak BSE Sensex ETF,BSE SENSEX TRI,2016-08-31,2019-07-31,36,0.9883,0.9016,-0.0868,0.1795,0.8086,0.629
Kotak BSE Sensex ETF,BSE SENSEX TRI,2016-09-30,2019-08-31,36,0.988,0.9022,-0.0858,0.1892,0.5502,0.3611
Kotak BSE Sensex ETF,BSE SENSEX TRI,2016-10-31,2019-09-30,36,0.9878,0.9023,-0.0854,0.1838,0.942,0.7582
Kotak BSE Sensex ETF,BSE SENSEX TRI,2016-11-30,2019-10-31,36,0.9885,0.8978,-0.0907,0.1951,0.768,0.573
Kotak BSE Sensex ETF,BSE SENSEX TRI,2016-12-31,2019-11-30,36,0.988,0.8955,-0.0926,0.2028,0.948,0.7452
Kotak BSE Sensex ETF,BSE SENSEX TRI,2017-01-31,2019-12-31,36,0.9879,0.895,-0.0929,0.2035,1.015,0.8115
Kotak BSE Sensex ETF,BSE SENSEX TRI,2017-02-28,2020-01-31,36,0.9881,0.8932,-0.0949,0.1824,2.5451,2.3628
Kotak BSE Sensex ETF,BSE SENSEX TRI,2017-03-31,2020-02-29,36,0.9887,0.9126,-0.076,0.1247,1.1153,0.9906
Kotak BSE Sensex ETF,BSE SENSEX TRI,2017-04-30,2020-03-31,36,0.9974,0.8994,-0.098,0.962,2.0106,1.0486
Kotak BSE Sensex ETF,BSE SENSEX TRI,2017-05-31,2020-04-30,36,0.9966,0.86,-0.1366,0.9703,1.0644,0.0941
Kotak BSE Sensex ETF,BSE SENSEX TRI,2017-06-30,2020-05-31,36,0.9968,0.8596,-0.1372,0.9847,-0.4918,-1.4765
Kotak BSE Sensex ETF,BSE SENSEX TRI,2017-07-31,2020-06-30,36,0.9968,0.8679,-0.1289,0.8406,0.1735,-0.6671
Kotak BSE Sensex ETF,BSE SENSEX TRI,2017-08-31,2020-07-31,36,0.998,0.8781,-0.1199,0.8902,1.107,0.2167
Kotak BSE Sensex ETF,BSE SENSEX TRI,2017-09-30,2020-08-31,36,0.998,0.8752,-0.1228,0.8941,1.3631,0.4691
Kotak BSE Sensex ETF,BSE SENSEX TRI,2017-10-31,2020-09-30,36,0.998,0.8762,-0.1218,0.8846,0.931,0.0464
Kotak BSE Sensex ETF,BSE SENSEX TRI,2017-11-30,2020-10-31,36,0.9983,0.8776,-0.1206,0.915,1.6141,0.6992
Kotak BSE Sensex ETF,BSE SENSEX TRI,2017-12-31,2020-11-30,36,0.9975,0.8839,-0.1135,0.9016,0.83,-0.0715
Kotak BSE Sensex ETF,BSE SENSEX TRI,2018-01-31,2020-12-31,36,0.9973,0.8904,-0.1069,0.9178,1.462,0.5442
Kotak BSE Sensex ETF,BSE SENSEX TRI,2018-02-28,2021-01-31,36,0.9978,0.887,-0.1109,0.9178,-0.3,-1.2178
Kotak BSE Sensex ETF,BSE SENSEX TRI,2018-03-31,2021-02-28,36,0.9978,0.8888,-0.109,0.9488,0.8905,-0.0584
Kotak BSE Sensex ETF,BSE SENSEX TRI,2018-04-30,2021-03-31,36,0.9978,0.8866,-0.1113,0.9209,1.1982,0.2773
Kotak BSE Sensex ETF,BSE SENSEX TRI,2018-05-31,2021-04-30,36,0.9983,0.884,-0.1143,0.9201,0.8051,-0.115
Kotak BSE Sensex ETF,BSE SENSEX TRI,2018-06-30,2021-05-31,36,0.9989,0.8868,-0.1121,0.9052,0.7521,-0.1531
Kotak BSE Sensex ETF,BSE SENSEX TRI,2018-07-31,2021-06-30,36,0.9989,0.8867,-0.1122,0.8996,0.8488,-0.0507
Kotak BSE Sensex ETF,BSE SENSEX TRI,2018-08-31,2021-07-31,36,0.9986,0.8846,-0.114,0.8954,0.4766,-0.4188
Kotak BSE Sensex ETF,BSE SENSEX TRI,2018-09-30,2021-08-31,36,0.9982,0.8925,-0.1057,0.8709,1.0295,0.1587
Kotak BSE Sensex ETF,BSE SENSEX TRI,2018-10-31,2021-09-30,36,0.9978,0.887,-0.1109,0.8708,1.5916,0.7208
Kotak BSE Sensex ETF,BSE SENSEX TRI,2018-11-30,2021-10-31,36,0.998,0.8863,-0.1118,0.8697,0.9805,0.1108
Kotak BSE Sensex ETF,BSE SENSEX TRI,2018-12-31,2021-11-30,36,0.9984,0.8855,-0.1129,0.8267,0.6538,-0.1729
Kotak BSE Sensex ETF,BSE SENSEX TRI,2019-01-31,2021-12-31,36,0.9983,0.8846,-0.1137,0.8177,1.2481,0.4304
Kotak BSE Sensex ETF,BSE SENSEX TRI,2019-02-28,2022-01-31,36,0.9984,0.8855,-0.1129,0.8232,0.5081,-0.3152
Kotak BSE Sensex ETF,BSE SENSEX TRI,2019-03-31,2022-02-28,36,0.9982,0.8818,-0.1165,0.8386,1.1423,0.3037
Kotak BSE Sensex ETF,BSE SENSEX TRI,2019-04-30,2022-03-31,36,0.9965,0.8762,-0.1203,0.7098,0.6184,-0.0914
Kotak BSE Sensex ETF,BSE SENSEX TRI,2019-05-31,2022-04-30,36,0.9966,0.8759,-0.1207,0.832,0.5951,-0.2369
Kotak BSE Sensex ETF,BSE SENSEX TRI,2019-06-30,2022-05-31,36,0.9957,0.875,-0.1206,0.9419,0.6033,-0.3386
Kotak BSE Sensex ETF,BSE SENSEX TRI,2019-07-31,2022-06-30,36,0.9958,0.8767,-0.1191,0.8905,0.5307,-0.3598
Kotak BSE Sensex ETF,BSE SENSEX TRI,2019-08-31,2022-07-31,36,0.5078,0.3856,-0.1221,-23.3879,-23.1277,0.2602
Kotak BSE Sensex ETF,BSE SENSEX TRI,2019-09-30,2022-08-31,36,0.5153,0.3857,-0.1296,-22.9654,-22.1996,0.7658
Kotak BSE Sensex ETF,BSE SENSEX TRI,2019-10-31,2022-09-30,36,0.5091,0.3838,-0.1252,-23.8108,-23.4769,0.3339
Kotak BSE Sensex ETF,BSE SENSEX TRI,2019-11-30,2022-10-31,36,0.5175,0.3911,-0.1263,-23.6195,-23.1632,0.4563
Kotak BSE Sensex ETF,BSE SENSEX TRI,2019-12-31,2022-11-30,36,0.5235,0.3967,-0.1268,-23.378,-22.8604,0.5177
Kotak BSE Sensex ETF,BSE SENSEX TRI,2020-01-31,2022-12-31,36,0.523,0.3981,-0.1249,-23.9508,-23.597,0.3538
Kotak BSE Sensex ETF,BSE SENSEX TRI,2020-02-29,2023-01-31,36,0.5231,0.4037,-0.1194,-24.0514,-24.0267,0.0248
Kotak BSE Sensex ETF,BSE SENSEX TRI,2020-03-31,2023-02-28,36,0.5163,0.3939,-0.1224,-23.3471,-22.9228,0.4244
Kotak BSE Sensex ETF,BSE SENSEX TRI,2020-04-30,2023-03-31,36,0.2442,0.0626,-0.1816,-16.1712,-13.3681,2.8031
Kotak BSE Sensex ETF,BSE SENSEX TRI,2020-05-31,2023-04-30,36,0.0355,-0.3059,-0.3414,-15.766,-10.8141,4.952
Kotak BSE Sensex ETF,BSE SENSEX TRI,2020-06-30,2023-05-31,36,0.0151,-0.3141,-0.3292,-13.6288,-8.4183,5.2105
Kotak BSE Sensex ETF,BSE SENSEX TRI,2020-07-31,2023-06-30,36,-0.0521,-0.365,-0.3129,-13.8768,-9.1066,4.7702
Kotak BSE Sensex ETF,BSE SENSEX TRI,2020-08-31,2023-07-31,36,-0.1389,-0.4379,-0.299,-14.4105,-10.0568,4.3538
Kotak BSE Sensex ETF,BSE SENSEX TRI,2020-09-30,2023-08-31,36,-0.1336,-0.4404,-0.3068,-16.1364,-12.2043,3.9321
Kotak BSE Sensex ETF,BSE SENSEX TRI,2020-10-31,2023-09-30,36,-0.1376,-0.4474,-0.3098,-15.1248,-11.0308,4.094
Kotak BSE Sensex ETF,BSE SENSEX TRI,2020-11-30,2023-10-31,36,-0.144,-0.422,-0.278,-17.3513,-14.1173,3.234
Kotak BSE Sensex ETF,BSE SENSEX TRI,2020-12-31,2023-11-30,36,-0.3719,-0.7046,-0.3326,-17.7055,-14.0452,3.6602
Kotak BSE Sensex ETF,BSE SENSEX TRI,2021-01-31,2023-12-31,36,-0.3851,-0.698,-0.3128,-17.7336,-14.1415,3.5922
Kotak BSE Sensex ETF,BSE SENSEX TRI,2021-02-28,2024-01-31,36,-0.4138,-0.6956,-0.2819,-16.569,-13.8842,2.6848
Kotak BSE Sensex ETF,BSE SENSEX TRI,2021-03-31,2024-02-29,36,-0.5117,-0.7204,-0.2087,-17.91,-15.2098,2.7002
Kotak BSE Sensex ETF,BSE SENSEX TRI,2021-04-30,2024-03-31,36,-0.5074,-0.7221,-0.2147,-17.6261,-15.0293,2.5968
Kotak BSE Sensex ETF,BSE SENSEX TRI,2021-05-31,2024-04-30,36,-0.5157,-0.7366,-0.2209,-16.4684,-13.6933,2.775
Kotak BSE Sensex ETF,BSE SENSEX TRI,2021-06-30,2024-05-31,36,-0.6454,-0.8666,-0.2212,-18.722,-16.1432,2.5787
Kotak BSE Sensex ETF,BSE SENSEX TRI,2021-07-31,2024-06-30,36,-0.4993,-0.7084,-0.209,-17.1241,-14.3418,2.7822
Kotak BSE Sensex ETF,BSE SENSEX TRI,2021-08-31,2024-07-31,36,-0.4701,-0.6796,-0.2095,-16.0185,-13.1018,2.9167
Kotak BSE Sensex ETF,BSE SENSEX TRI,2021-09-30,2024-08-31,36,-0.7645,-0.9051,-0.1405,-17.8526,-15.1791,2.6735
Kotak BSE Sensex ETF,BSE SENSEX TRI,2021-10-31,2024-09-30,36,-0.7719,-0.9125,-0.1406,-18.0074,-15.3675,2.6399
Kotak BSE Sensex ETF,BSE SENSEX TRI,2021-11-30,2024-10-31,36,-0.6333,-0.7892,-0.1559,-21.5016,-19.8025,1.6991
Kotak BSE Sensex ETF,BSE SENSEX TRI,2021-12-31,2024-11-30,36,-0.6898,-0.8569,-0.1671,-19.3068,-17.4044,1.9023
Kotak BSE Sensex ETF,BSE SENSEX TRI,2022-01-31,2024-12-31,36,-0.6846,-0.8431,-0.1584,-21.2433,-19.2925,1.9508
Kotak BSE Sensex ETF,BSE SENSEX TRI,2022-02-28,2025-01-31,36,-0.6826,-0.8413,-0.1588,-21.4287,-19.9312,1.4974
Kotak BSE Sensex ETF,BSE SENSEX TRI,2022-03-31,2025-02-28,36,-0.6055,-0.7811,-0.1756,-22.7847,-21.1985,1.5862
Kotak BSE Sensex ETF,BSE SENSEX TRI,2022-04-30,2025-03-31,36,-0.5524,-0.7811,-0.2287,-22.2724,-20.8655,1.407
Kotak BSE Sensex ETF,BSE SENSEX TRI,2022-05-31,2025-04-30,36,-0.534,-0.7497,-0.2157,-19.7773,-17.609,2.1683
Kotak BSE Sensex ETF,BSE SENSEX TRI,2022-06-30,2025-05-31,36,-0.5513,-0.7757,-0.2245,-17.9798,-15.2408,2.7389
Kotak BSE Sensex ETF,BSE SENSEX TRI,2022-07-31,2025-06-30,36,-0.618,-0.8445,-0.2265,-14.1609,-10.4878,3.673
Kotak BSE Sensex ETF,BSE SENSEX TRI,2022-08-31,2025-07-31,36,1.0003,0.9404,-0.0599,1.0041,0.0865,-0.9176
Kotak BSE Sensex ETF,BSE SENSEX TRI,2022-09-30,2025-08-31,36,0.9996,0.9423,-0.0573,1.0048,-1.3194,-2.3242
Kotak BSE Sensex ETF,BSE SENSEX TRI,2022-10-31,2025-09-30,36,0.9984,0.9327,-0.0657,1.0199,-0.9398,-1.9597
Kotak BSE Sensex ETF,BSE SENSEX TRI,2022-11-30,2025-10-31,36,0.9983,0.9402,-0.0581,1.02,-0.5883,-1.6084
Kotak BSE Sensex ETF,BSE SENSEX TRI,2022-12-31,2025-11-30,36,0.9986,0.938,-0.0606,1.0241,-0.5678,-1.5919
Kotak BSE Sensex ETF,BSE SENSEX TRI,2023-01-31,2025-12-31,36,0.9977,0.939,-0.0587,1.0283,-0.7139,-1.7423
Kotak BSE Sensex ETF,BSE SENSEX TRI,2023-02-28,2026-01-31,36,0.998,0.9234,-0.0746,1.0267,-0.3218,-1.3486
Kotak BSE Sensex ETF,BSE SENSEX TRI,2023-03-31,2026-02-28,36,0.9986,0.921,-0.0776,0.9906,-1.117,-2.1077
Kotak BSE Sensex ETF,BSE SENSEX TRI,2023-04-30,2026-03-31,36,1.001,0.9723,-0.0287,0.9877,-2.3152,-3.3029
Kotak BSE Sensex ETF,BSE SENSEX TRI,2023-05-31,2026-04-30,36,0.9966,0.9837,-0.0129,0.8838,-1.9606,-2.8444
Kotak BSE Sensex ETF,BSE SENSEX TRI,2023-06-30,2026-05-31,36,0.9522,0.9398,-0.0123,3.2268,0.3554,-2.8714
Kotak BSE Sensex ETF,BSE SENSEX TRI,2023-07-31,2026-06-30,36,0.9201,0.9497,0.0296,-0.1061,-2.1018,-1.9957
Axis BSE Sensex ETF,BSE SENSEX TRI,2023-02-28,2026-01-31,36,1.0422,0.9807,-0.0615,-3.4245,-4.8931,-1.4686
Axis BSE Sensex ETF,BSE SENSEX TRI,2023-03-31,2026-02-28,36,1.0197,0.9589,-0.0607,-1.9661,-4.2069,-2.2408
Axis BSE Sensex ETF,BSE SENSEX TRI,2023-04-30,2026-03-31,36,0.9998,0.971,-0.0288,1.1094,-2.1929,-3.3023
Axis BSE Sensex ETF,BSE SENSEX TRI,2023-05-31,2026-04-30,36,0.9954,0.9825,-0.0129,1.0091,-1.8351,-2.8442
Axis BSE Sensex ETF,BSE SENSEX TRI,2023-06-30,2026-05-31,36,0.9513,0.9389,-0.0124,3.3442,0.4726,-2.8716
Axis BSE Sensex ETF,BSE SENSEX TRI,2023-07-31,2026-06-30,36,0.9193,0.9489,0.0296,0.0164,-1.9797,-1.9962
